OrderID,OrderDate,Month,Region,Category,Channel,UnitPrice,Quantity,Revenue,DeliveryDays,Delayed,CustomerID,ChurnRisk
ORD100000,2025-02-02,2025-02,East,Electronics,Online,210.35309129719275,5,1051.77,5.7,1,261,Low
ORD100001,2025-10-10,2025-10,West,Apparel,In-Store,33.14544970269118,5,165.73,5.9,1,203,Low
ORD100002,2025-08-27,2025-08,South,Home & Kitchen,Online,65.57819750230061,4,262.31,5.6,1,288,Low
ORD100003,2025-06-10,2025-06,South,Apparel,Online,50.921441161723415,2,101.84,3.7,0,796,Low
ORD100004,2025-06-08,2025-06,West,Electronics,Online,273.3654287821924,4,1093.46,6.6,1,418,Low
ORD100005,2025-11-10,2025-11,South,Apparel,In-Store,55.31553198787127,3,165.95,3.3,0,378,High
ORD100006,2025-02-01,2025-02,East,Apparel,In-Store,49.88596993112347,5,249.43,3.7,0,701,Low
ORD100007,2025-09-12,2025-09,South,Electronics,In-Store,167.05275444009345,2,334.11,4.2,0,334,Low
ORD100008,2025-03-15,2025-03,North,Sports,In-Store,42.72612234180413,1,42.73,2.5,0,797,Medium
ORD100009,2025-02-04,2025-02,East,Apparel,Online,56.13746535564529,1,56.14,4.9,0,679,High
ORD100010,2025-07-12,2025-07,North,Home & Kitchen,Online,86.7650803146323,1,86.77,4.0,0,232,Low
ORD100011,2025-12-23,2025-12,North,Home & Kitchen,Online,99.83187775296443,4,399.33,4.3,0,567,Low
ORD100012,2025-09-26,2025-09,East,Beauty,Online,24.418557691067164,1,24.42,3.0,0,434,Medium
ORD100013,2025-10-05,2025-10,East,Electronics,In-Store,216.7431682987561,1,216.74,3.1,0,310,Low
ORD100014,2025-09-19,2025-09,West,Electronics,In-Store,295.55207021000786,2,591.1,2.9,0,815,Low
ORD100015,2025-10-14,2025-10,North,Apparel,Online,36.90533672428572,4,147.62,3.5,0,358,High
ORD100016,2025-07-07,2025-07,North,Apparel,In-Store,33.438097470095144,3,100.31,2.9,0,105,High
ORD100017,2025-02-16,2025-02,West,Apparel,In-Store,52.08422258912507,2,104.17,6.0,1,368,Medium
ORD100018,2025-11-03,2025-11,North,Sports,Online,66.97052630611377,2,133.94,3.4,0,465,Low
ORD100019,2025-06-14,2025-06,North,Electronics,Online,300.61269790209093,5,1503.06,1.1,0,114,Medium
ORD100020,2025-07-02,2025-07,North,Electronics,Online,293.59613684245085,3,880.79,5.4,1,668,High
ORD100021,2025-05-16,2025-05,South,Apparel,Online,55.10705729194798,2,110.21,5.7,1,207,High
ORD100022,2025-03-08,2025-03,West,Sports,Online,42.80460399088659,4,171.22,4.3,0,84,Low
ORD100023,2025-12-05,2025-12,East,Beauty,Online,31.088126336537766,2,62.18,3.5,0,484,Low
ORD100024,2025-10-13,2025-10,East,Sports,Online,79.63628133455562,2,159.27,2.9,0,145,Low
ORD100025,2025-08-24,2025-08,North,Home & Kitchen,Online,80.28446093441073,4,321.14,6.0,1,703,Medium
ORD100026,2025-05-27,2025-05,South,Sports,In-Store,82.41012022374576,2,164.82,4.6,0,62,Low
ORD100027,2025-10-28,2025-10,South,Home & Kitchen,In-Store,92.53932691606302,3,277.62,2.4,0,377,Low
ORD100028,2025-07-19,2025-07,North,Electronics,Online,170.8563976415903,4,683.43,4.1,0,47,Low
ORD100029,2025-06-11,2025-06,North,Home & Kitchen,Online,84.51923621045427,2,169.04,5.1,1,345,Low
ORD100030,2025-06-14,2025-06,South,Sports,Online,71.2159196970962,1,71.22,5.4,1,840,High
ORD100031,2025-03-24,2025-03,North,Apparel,Online,33.55912262554805,5,167.8,2.6,0,585,Low
ORD100032,2025-02-03,2025-02,East,Home & Kitchen,Online,75.30037379596297,2,150.6,2.8,0,482,Low
ORD100033,2025-07-22,2025-07,East,Apparel,Online,54.08805348620057,2,108.18,2.9,0,142,Medium
ORD100034,2025-11-21,2025-11,North,Home & Kitchen,Online,64.79599628919391,3,194.39,5.5,1,282,Medium
ORD100035,2025-01-24,2025-01,South,Electronics,In-Store,207.64434433366048,1,207.64,4.4,0,343,Medium
ORD100036,2025-11-10,2025-11,East,Home & Kitchen,Online,94.63497805816509,1,94.63,2.0,0,521,Medium
ORD100037,2025-10-30,2025-10,East,Beauty,In-Store,37.28635893914639,3,111.86,3.8,0,188,Low
ORD100038,2025-04-12,2025-04,West,Electronics,Online,233.85081624911476,5,1169.25,4.7,0,899,Low
ORD100039,2025-08-19,2025-08,South,Apparel,Online,61.6410121225503,3,184.92,4.7,0,586,Low
ORD100040,2025-03-02,2025-03,West,Electronics,In-Store,296.50095225504543,3,889.5,2.6,0,281,Medium
ORD100041,2025-10-04,2025-10,North,Electronics,Online,226.90930630179892,4,907.64,2.4,0,102,High
ORD100042,2025-09-13,2025-09,South,Beauty,In-Store,24.365762612337768,5,121.83,5.8,1,535,Low
ORD100043,2025-05-10,2025-05,North,Apparel,In-Store,55.84734426234469,5,279.24,3.3,0,403,Medium
ORD100044,2025-01-25,2025-01,South,Apparel,Online,39.158896624884036,1,39.16,5.8,1,606,Medium
ORD100045,2025-12-21,2025-12,South,Electronics,Online,283.79448173986214,3,851.38,5.5,1,536,High
ORD100046,2025-06-12,2025-06,North,Beauty,Online,33.330031164257065,3,99.99,4.1,0,576,Low
ORD100047,2025-11-22,2025-11,East,Electronics,Online,214.69032298525298,2,429.38,3.4,0,750,Low
ORD100048,2025-09-05,2025-09,South,Sports,Online,65.36810106046684,5,326.84,5.0,0,473,Medium
ORD100049,2025-10-12,2025-10,North,Apparel,Online,48.28347620642471,2,96.57,5.1,1,652,Medium
ORD100050,2025-10-05,2025-10,North,Electronics,In-Store,296.4088582685873,5,1482.04,4.7,0,323,Medium
ORD100051,2025-03-13,2025-03,South,Home & Kitchen,In-Store,68.00433078664751,1,68.0,3.0,0,848,High
ORD100052,2025-05-13,2025-05,South,Electronics,Online,296.93640169295816,4,1187.75,5.0,0,367,Low
ORD100053,2025-06-20,2025-06,South,Home & Kitchen,Online,57.7550983217519,4,231.02,6.2,1,612,Medium
ORD100054,2025-07-01,2025-07,North,Electronics,In-Store,272.4573053560938,3,817.37,5.3,1,898,Low
ORD100055,2025-01-16,2025-01,East,Sports,In-Store,80.62606148988573,1,80.63,5.4,1,314,Low
ORD100056,2025-07-19,2025-07,West,Sports,Online,58.550192021434235,1,58.55,3.5,0,92,Low
ORD100057,2025-02-26,2025-02,South,Sports,Online,45.06882185380122,4,180.28,6.7,1,209,Low
ORD100058,2025-09-29,2025-09,East,Electronics,In-Store,277.91879985003135,5,1389.59,3.4,0,220,Low
ORD100059,2025-09-07,2025-09,West,Sports,In-Store,77.40032393905287,3,232.2,5.1,1,51,Medium
ORD100060,2025-12-03,2025-12,West,Beauty,In-Store,28.061405147757522,1,28.06,4.7,0,489,High
ORD100061,2025-09-29,2025-09,East,Electronics,Online,233.8633659956295,4,935.45,2.5,0,250,Low
ORD100062,2025-05-14,2025-05,West,Electronics,Online,278.658236473563,3,835.97,5.2,1,88,Low
ORD100063,2025-12-20,2025-12,West,Sports,Online,50.06580504450501,1,50.07,5.7,1,124,Low
ORD100064,2025-05-30,2025-05,East,Electronics,Online,250.86226648425554,2,501.72,4.0,0,246,Low
ORD100065,2025-04-29,2025-04,South,Home & Kitchen,In-Store,80.11531693288588,2,160.23,4.2,0,332,Low
ORD100066,2025-11-27,2025-11,North,Sports,Online,49.32546159467906,5,246.63,1.8,0,877,Medium
ORD100067,2025-05-16,2025-05,North,Electronics,In-Store,282.04179191664775,5,1410.21,3.8,0,632,High
ORD100068,2025-01-28,2025-01,South,Home & Kitchen,In-Store,74.18212660319588,1,74.18,4.8,0,643,Low
ORD100069,2025-06-21,2025-06,South,Home & Kitchen,In-Store,108.32786247668089,3,324.98,3.4,0,623,Medium
ORD100070,2025-10-18,2025-10,South,Apparel,In-Store,49.42141689932376,1,49.42,4.1,0,723,Medium
ORD100071,2025-03-11,2025-03,East,Beauty,In-Store,31.804709609079506,3,95.41,3.5,0,287,Low
ORD100072,2025-06-18,2025-06,East,Electronics,Online,219.1891154097813,1,219.19,3.3,0,90,Low
ORD100073,2025-02-17,2025-02,West,Apparel,Online,44.121133030473615,4,176.48,4.5,0,458,Low
ORD100074,2025-09-08,2025-09,North,Sports,Online,76.35458354315836,1,76.35,1.6,0,2,Low
ORD100075,2025-06-23,2025-06,North,Electronics,In-Store,258.3351308208634,5,1291.68,4.6,0,195,High
ORD100076,2025-05-01,2025-05,East,Sports,In-Store,74.49498550718374,2,148.99,3.3,0,677,Low
ORD100077,2025-03-24,2025-03,West,Electronics,Online,218.8469605801261,2,437.69,3.2,0,453,Low
ORD100078,2025-07-26,2025-07,West,Apparel,Online,39.73527257813616,5,198.68,1.5,0,621,Low
ORD100079,2025-09-02,2025-09,West,Electronics,Online,167.37724365334003,5,836.89,5.7,1,459,Low
ORD100080,2025-12-10,2025-12,West,Home & Kitchen,Online,99.4927354391065,1,99.49,5.2,1,488,High
ORD100081,2025-06-09,2025-06,South,Sports,In-Store,59.44161008174356,1,59.44,4.8,0,271,Low
ORD100082,2025-02-28,2025-02,South,Sports,Online,63.387390868060685,5,316.94,6.2,1,197,Medium
ORD100083,2025-10-31,2025-10,North,Beauty,In-Store,30.856207939137946,5,154.28,4.0,0,234,Low
ORD100084,2025-08-18,2025-08,East,Home & Kitchen,Online,80.14371995667744,3,240.43,4.2,0,718,Low
ORD100085,2025-09-13,2025-09,West,Sports,Online,70.72378223684967,1,70.72,4.2,0,881,Low
ORD100086,2025-02-05,2025-02,South,Home & Kitchen,Online,90.08911048248208,1,90.09,4.7,0,74,High
ORD100087,2025-04-25,2025-04,East,Beauty,In-Store,41.413129771530414,2,82.83,3.8,0,483,Low
ORD100088,2025-10-08,2025-10,North,Home & Kitchen,Online,63.77861882835697,4,255.11,5.4,1,423,Medium
ORD100089,2025-10-31,2025-10,North,Beauty,Online,33.04390557788705,1,33.04,3.6,0,506,Low
ORD100090,2025-06-08,2025-06,North,Electronics,Online,163.73898516395636,4,654.96,5.5,1,210,Medium
ORD100091,2025-10-21,2025-10,North,Apparel,In-Store,56.9494301893083,5,284.75,3.4,0,8,Medium
ORD100092,2025-11-04,2025-11,West,Sports,In-Store,67.88507599654591,1,67.89,4.3,0,183,Medium
ORD100093,2025-05-22,2025-05,South,Electronics,In-Store,219.97033766285082,5,1099.85,7.4,1,164,Low
ORD100094,2025-11-24,2025-11,West,Electronics,Online,277.5442908151677,5,1387.72,6.5,1,48,Low
ORD100095,2025-04-16,2025-04,East,Beauty,In-Store,30.555054778323143,2,61.11,5.3,1,321,High
ORD100096,2025-03-29,2025-03,North,Apparel,Online,38.67526200237358,1,38.68,2.7,0,615,Medium
ORD100097,2025-09-07,2025-09,North,Electronics,In-Store,226.76511721099186,2,453.53,5.6,1,869,Low
ORD100098,2025-08-21,2025-08,West,Apparel,Online,33.73120159407618,2,67.46,4.4,0,591,Low
ORD100099,2025-02-21,2025-02,North,Apparel,Online,59.78262495364069,2,119.57,3.4,0,158,Low
ORD100100,2025-10-31,2025-10,West,Home & Kitchen,In-Store,96.9336689851298,5,484.67,1.2,0,326,Low
ORD100101,2025-03-14,2025-03,North,Beauty,In-Store,36.96663151051558,1,36.97,3.4,0,273,Low
ORD100102,2025-10-21,2025-10,East,Beauty,Online,39.364359384387285,2,78.73,2.7,0,191,Low
ORD100103,2025-01-03,2025-01,West,Home & Kitchen,Online,100.32806497364469,4,401.31,5.0,0,891,Low
ORD100104,2025-10-18,2025-10,North,Home & Kitchen,In-Store,80.18374505419263,1,80.18,1.6,0,590,Medium
ORD100105,2025-10-15,2025-10,North,Apparel,In-Store,35.23704664805166,1,35.24,5.2,1,433,High
ORD100106,2025-10-12,2025-10,West,Beauty,In-Store,28.840660379600006,2,57.68,4.5,0,393,Medium
ORD100107,2025-08-31,2025-08,North,Electronics,Online,297.8490460144772,5,1489.25,6.4,1,287,Low
ORD100108,2025-06-22,2025-06,South,Electronics,Online,300.1599356496324,5,1500.8,4.0,0,375,Medium
ORD100109,2025-09-15,2025-09,South,Beauty,In-Store,37.12528817599971,5,185.63,6.4,1,571,Low
ORD100110,2025-04-12,2025-04,North,Beauty,In-Store,25.293042244499137,5,126.47,1.0,0,835,Medium
ORD100111,2025-10-12,2025-10,East,Apparel,In-Store,37.62517054162106,1,37.63,3.5,0,447,Low
ORD100112,2025-07-22,2025-07,East,Home & Kitchen,In-Store,105.26720460932033,3,315.8,2.5,0,167,Low
ORD100113,2025-06-17,2025-06,South,Apparel,Online,35.970351574850426,3,107.91,4.7,0,861,Medium
ORD100114,2025-07-04,2025-07,West,Apparel,Online,49.90033053597341,1,49.9,3.9,0,284,Low
ORD100115,2025-07-27,2025-07,North,Apparel,In-Store,43.414927991790634,5,217.07,1.9,0,75,Medium
ORD100116,2025-01-14,2025-01,North,Electronics,Online,200.5096952260212,4,802.04,2.2,0,490,Medium
ORD100117,2025-02-21,2025-02,East,Home & Kitchen,In-Store,93.93339343791091,5,469.67,2.8,0,711,Low
ORD100118,2025-03-31,2025-03,West,Apparel,In-Store,61.726425914536044,2,123.45,3.9,0,232,Low
ORD100119,2025-02-11,2025-02,North,Home & Kitchen,In-Store,99.54748934145671,4,398.19,4.4,0,251,Medium
ORD100120,2025-06-10,2025-06,North,Electronics,Online,228.86903933763932,1,228.87,4.1,0,261,Medium
ORD100121,2025-09-01,2025-09,South,Beauty,In-Store,30.254941672246538,1,30.25,5.9,1,726,Medium
ORD100122,2025-08-27,2025-08,West,Home & Kitchen,Online,106.82919454605366,4,427.32,2.7,0,861,Low
ORD100123,2025-06-21,2025-06,North,Beauty,Online,33.14024906794883,1,33.14,3.2,0,763,Medium
ORD100124,2025-11-09,2025-11,South,Electronics,Online,230.48240955219407,2,460.96,6.1,1,204,Low
ORD100125,2025-07-26,2025-07,East,Home & Kitchen,Online,94.2388086937597,4,376.96,4.4,0,764,Low
ORD100126,2025-01-29,2025-01,South,Sports,In-Store,51.9604603194401,3,155.88,3.5,0,279,Medium
ORD100127,2025-10-07,2025-10,North,Apparel,In-Store,33.507667858608706,2,67.02,4.1,0,780,Low
ORD100128,2025-07-29,2025-07,North,Electronics,Online,285.687161834743,2,571.37,3.1,0,892,Low
ORD100129,2025-08-20,2025-08,South,Electronics,In-Store,247.51830190771634,4,990.07,3.6,0,646,Low
ORD100130,2025-07-26,2025-07,South,Electronics,Online,179.3910735886606,5,896.96,5.8,1,859,Medium
ORD100131,2025-07-22,2025-07,West,Apparel,In-Store,40.88850968477354,4,163.55,3.8,0,129,High
ORD100132,2025-02-03,2025-02,East,Apparel,In-Store,62.682905646570205,2,125.37,2.7,0,589,High
ORD100133,2025-07-24,2025-07,East,Electronics,Online,251.7012393994029,3,755.1,3.3,0,47,Low
ORD100134,2025-10-18,2025-10,West,Home & Kitchen,Online,91.62227989415885,1,91.62,3.2,0,587,Low
ORD100135,2025-04-21,2025-04,South,Electronics,Online,165.1132041341432,1,165.11,4.7,0,307,Medium
ORD100136,2025-08-09,2025-08,South,Apparel,Online,62.02323962868385,2,124.05,6.5,1,872,Low
ORD100137,2025-01-12,2025-01,West,Home & Kitchen,In-Store,105.99584181528834,2,211.99,4.1,0,446,Low
ORD100138,2025-05-07,2025-05,North,Electronics,Online,238.35849610853595,5,1191.79,4.9,0,686,Low
ORD100139,2025-06-09,2025-06,East,Electronics,Online,201.64589313343453,5,1008.23,4.6,0,273,Medium
ORD100140,2025-12-25,2025-12,East,Electronics,Online,261.5005051714581,1,261.5,3.3,0,68,Medium
ORD100141,2025-03-20,2025-03,North,Electronics,In-Store,282.3396567486678,2,564.68,1.0,0,668,Low
ORD100142,2025-04-11,2025-04,South,Apparel,Online,56.26282440943248,1,56.26,4.1,0,200,Low
ORD100143,2025-05-30,2025-05,North,Electronics,In-Store,304.4652952953733,1,304.47,2.2,0,650,Medium
ORD100144,2025-12-29,2025-12,North,Electronics,In-Store,252.0757313947091,2,504.15,2.1,0,418,Medium
ORD100145,2025-11-08,2025-11,South,Beauty,Online,27.74573406273617,5,138.73,6.4,1,874,Low
ORD100146,2025-01-13,2025-01,North,Beauty,Online,31.456479874439204,1,31.46,4.9,0,317,Low
ORD100147,2025-03-27,2025-03,East,Electronics,Online,279.7128438643949,4,1118.85,6.7,1,361,High
ORD100148,2025-10-27,2025-10,West,Apparel,Online,39.858291497284384,2,79.72,3.6,0,666,Medium
ORD100149,2025-01-22,2025-01,West,Apparel,In-Store,38.78936003073573,3,116.37,5.7,1,707,Medium
ORD100150,2025-11-09,2025-11,North,Sports,In-Store,72.44305237371178,5,362.22,4.9,0,114,Medium
ORD100151,2025-04-13,2025-04,North,Sports,Online,60.665951913647255,5,303.33,3.4,0,667,High
ORD100152,2025-12-01,2025-12,North,Electronics,Online,279.7518408592173,5,1398.76,4.3,0,442,Low
ORD100153,2025-04-18,2025-04,North,Electronics,Online,176.12727226848426,3,528.38,5.2,1,889,Low
ORD100154,2025-06-08,2025-06,West,Apparel,Online,42.07443858920631,1,42.07,4.4,0,568,Low
ORD100155,2025-08-30,2025-08,South,Beauty,In-Store,26.630098038392124,5,133.15,4.3,0,696,Medium
ORD100156,2025-02-16,2025-02,North,Beauty,In-Store,35.65523110939174,5,178.28,2.2,0,310,Low
ORD100157,2025-07-23,2025-07,West,Electronics,In-Store,270.936698852304,5,1354.68,1.0,0,255,Low
ORD100158,2025-07-04,2025-07,South,Home & Kitchen,Online,81.53615096964714,3,244.61,5.3,1,706,Low
ORD100159,2025-10-14,2025-10,North,Electronics,Online,227.61652396543607,2,455.23,2.8,0,14,Medium
ORD100160,2025-12-30,2025-12,North,Home & Kitchen,Online,63.39378543619125,1,63.39,2.4,0,522,Medium
ORD100161,2025-08-31,2025-08,East,Beauty,In-Store,35.7383899700741,2,71.48,3.8,0,871,Low
ORD100162,2025-05-30,2025-05,East,Apparel,In-Store,62.75800545837629,2,125.52,1.6,0,892,Low
ORD100163,2025-05-29,2025-05,North,Electronics,In-Store,273.7999634880986,2,547.6,4.0,0,644,Medium
ORD100164,2025-06-02,2025-06,West,Home & Kitchen,Online,68.49429009850716,5,342.47,5.1,1,448,Low
ORD100165,2025-10-25,2025-10,West,Apparel,Online,51.12836629721841,4,204.51,4.0,0,731,Medium
ORD100166,2025-04-28,2025-04,West,Sports,In-Store,54.38818604789862,2,108.78,3.7,0,14,Low
ORD100167,2025-03-02,2025-03,North,Apparel,Online,32.45056141686291,4,129.8,2.3,0,714,High
ORD100168,2025-05-03,2025-05,North,Beauty,In-Store,24.776279968772503,4,99.11,3.9,0,171,Low
ORD100169,2025-01-09,2025-01,West,Electronics,Online,169.79941012863156,3,509.4,4.7,0,662,Medium
ORD100170,2025-02-08,2025-02,South,Electronics,In-Store,184.17361324950187,5,920.87,4.8,0,313,Low
ORD100171,2025-02-02,2025-02,East,Apparel,Online,56.5615392756436,5,282.81,4.6,0,676,Low
ORD100172,2025-10-09,2025-10,East,Electronics,In-Store,199.09614864068647,3,597.29,2.5,0,543,Medium
ORD100173,2025-09-21,2025-09,North,Apparel,Online,55.34675845477102,3,166.04,1.9,0,836,Medium
ORD100174,2025-09-12,2025-09,East,Home & Kitchen,Online,109.13630307119516,2,218.27,5.1,1,708,Medium
ORD100175,2025-06-18,2025-06,West,Electronics,Online,242.4380597204373,4,969.75,5.3,1,822,Medium
ORD100176,2025-09-19,2025-09,East,Electronics,Online,228.7529770695484,5,1143.76,3.4,0,136,Medium
ORD100177,2025-02-28,2025-02,South,Electronics,In-Store,269.5195850409006,4,1078.08,5.0,0,341,High
ORD100178,2025-11-25,2025-11,West,Electronics,In-Store,168.95188154353585,2,337.9,5.3,1,394,Low
ORD100179,2025-07-02,2025-07,South,Beauty,In-Store,29.992453837182584,3,89.98,5.9,1,28,High
ORD100180,2025-12-09,2025-12,East,Beauty,In-Store,31.475316493573274,4,125.9,2.6,0,21,Low
ORD100181,2025-02-25,2025-02,West,Electronics,In-Store,281.98190180135015,1,281.98,2.0,0,35,Low
ORD100182,2025-07-01,2025-07,East,Sports,Online,76.19714172971456,3,228.59,2.4,0,690,Medium
ORD100183,2025-09-12,2025-09,North,Sports,In-Store,77.62714511369921,4,310.51,2.6,0,402,Low
ORD100184,2025-06-30,2025-06,North,Beauty,Online,35.65533148522174,3,106.97,5.5,1,676,Low
ORD100185,2025-06-12,2025-06,North,Apparel,In-Store,48.21250792632238,4,192.85,2.1,0,751,Low
ORD100186,2025-03-02,2025-03,South,Apparel,Online,57.57819862231654,5,287.89,4.5,0,33,Low
ORD100187,2025-05-20,2025-05,South,Apparel,In-Store,59.00839608054099,1,59.01,3.8,0,763,Medium
ORD100188,2025-03-29,2025-03,East,Beauty,Online,31.09017644583509,3,93.27,3.4,0,203,Low
ORD100189,2025-04-21,2025-04,South,Sports,Online,83.39780013132841,4,333.59,5.2,1,364,Low
ORD100190,2025-09-07,2025-09,East,Apparel,Online,59.05677093684412,5,295.28,2.5,0,866,Low
ORD100191,2025-08-19,2025-08,West,Electronics,Online,232.6123284748968,3,697.84,5.8,1,272,Low
ORD100192,2025-08-10,2025-08,North,Sports,Online,44.91007900457846,5,224.55,3.5,0,845,Low
ORD100193,2025-05-13,2025-05,East,Beauty,Online,25.71433306830982,2,51.43,7.0,1,456,Low
ORD100194,2025-12-17,2025-12,East,Apparel,Online,55.95655525035297,3,167.87,2.6,0,12,Medium
ORD100195,2025-02-01,2025-02,South,Home & Kitchen,Online,62.22463839192634,5,311.12,7.1,1,749,Medium
ORD100196,2025-05-06,2025-05,North,Apparel,Online,46.29870208905678,3,138.9,5.4,1,40,Low
ORD100197,2025-02-13,2025-02,East,Apparel,In-Store,50.55284405129891,2,101.11,2.8,0,573,Low
ORD100198,2025-05-04,2025-05,West,Home & Kitchen,Online,105.18742238874886,3,315.56,4.0,0,413,Low
ORD100199,2025-12-18,2025-12,East,Sports,Online,77.57878224152616,4,310.32,2.9,0,126,Low
ORD100200,2025-05-14,2025-05,West,Beauty,Online,37.04983634225439,5,185.25,3.4,0,463,Low
ORD100201,2025-11-28,2025-11,West,Apparel,Online,44.34236864225277,4,177.37,4.5,0,326,High
ORD100202,2025-06-30,2025-06,South,Apparel,Online,35.980851511782355,1,35.98,5.2,1,89,Medium
ORD100203,2025-09-13,2025-09,East,Apparel,In-Store,52.5939532510722,1,52.59,1.4,0,500,Low
ORD100204,2025-06-16,2025-06,South,Electronics,Online,181.91844786322477,5,909.59,8.0,1,40,Low
ORD100205,2025-04-08,2025-04,West,Apparel,Online,49.1814062273714,3,147.54,4.2,0,484,Medium
ORD100206,2025-10-06,2025-10,North,Electronics,Online,305.02444009935505,2,610.05,3.8,0,204,High
ORD100207,2025-12-20,2025-12,South,Apparel,Online,48.83475793792915,2,97.67,4.4,0,747,Low
ORD100208,2025-04-07,2025-04,West,Electronics,Online,253.41575755810888,1,253.42,4.2,0,855,Medium
ORD100209,2025-10-12,2025-10,North,Apparel,In-Store,52.843627365359474,1,52.84,2.6,0,839,Low
ORD100210,2025-04-06,2025-04,East,Sports,Online,76.8763110223712,4,307.51,4.0,0,843,Medium
ORD100211,2025-09-19,2025-09,South,Electronics,In-Store,220.98702442848548,4,883.95,4.5,0,91,Low
ORD100212,2025-10-15,2025-10,West,Home & Kitchen,Online,83.86055445893987,3,251.58,5.5,1,459,Medium
ORD100213,2025-06-14,2025-06,West,Beauty,Online,24.695412292416385,1,24.7,4.8,0,202,Low
ORD100214,2025-09-26,2025-09,South,Home & Kitchen,Online,90.42207371330011,4,361.69,6.0,1,87,Low
ORD100215,2025-04-10,2025-04,East,Electronics,Online,199.54673297395593,5,997.73,4.0,0,353,Medium
ORD100216,2025-01-29,2025-01,South,Apparel,Online,47.49017958999403,5,237.45,5.5,1,386,Medium
ORD100217,2025-02-05,2025-02,East,Home & Kitchen,In-Store,98.92720283655427,2,197.85,3.0,0,267,Medium
ORD100218,2025-06-13,2025-06,East,Home & Kitchen,In-Store,56.983914662191246,4,227.94,4.5,0,103,Low
ORD100219,2025-11-26,2025-11,West,Electronics,Online,240.84299109399345,2,481.69,4.9,0,368,Medium
ORD100220,2025-02-16,2025-02,North,Apparel,Online,36.963518045286726,5,184.82,3.5,0,140,Low
ORD100221,2025-06-16,2025-06,North,Home & Kitchen,In-Store,71.6454670278958,5,358.23,2.8,0,37,Medium
ORD100222,2025-09-14,2025-09,East,Electronics,Online,159.34584513339766,2,318.69,3.9,0,406,Low
ORD100223,2025-03-15,2025-03,East,Home & Kitchen,Online,65.48991457041052,3,196.47,4.0,0,60,Low
ORD100224,2025-09-21,2025-09,South,Electronics,In-Store,305.9409265662214,2,611.88,4.4,0,869,Low
ORD100225,2025-04-22,2025-04,North,Apparel,Online,62.95346697777833,4,251.81,3.0,0,754,High
ORD100226,2025-10-23,2025-10,South,Sports,Online,72.23361263536519,2,144.47,6.1,1,833,Medium
ORD100227,2025-07-31,2025-07,West,Electronics,Online,248.22595563476375,4,992.9,5.5,1,93,Low
ORD100228,2025-07-19,2025-07,North,Home & Kitchen,Online,99.51238937355883,5,497.56,5.8,1,419,Medium
ORD100229,2025-03-06,2025-03,South,Apparel,Online,59.741459573832586,5,298.71,4.5,0,741,Low
ORD100230,2025-06-19,2025-06,West,Apparel,In-Store,47.85810937631036,1,47.86,4.6,0,518,Low
ORD100231,2025-11-09,2025-11,North,Beauty,Online,21.740963987771725,1,21.74,1.4,0,276,Low
ORD100232,2025-01-08,2025-01,East,Apparel,Online,53.84596834827166,5,269.23,5.0,0,748,Medium
ORD100233,2025-10-04,2025-10,North,Electronics,Online,305.62878531915305,1,305.63,2.0,0,278,High
ORD100234,2025-06-29,2025-06,West,Beauty,In-Store,26.419112075411185,3,79.26,2.6,0,876,High
ORD100235,2025-09-20,2025-09,East,Sports,Online,61.465553749366194,5,307.33,4.4,0,91,Low
ORD100236,2025-08-31,2025-08,West,Home & Kitchen,In-Store,76.23136645887173,3,228.69,3.1,0,635,Low
ORD100237,2025-06-07,2025-06,North,Electronics,Online,214.13199411139897,1,214.13,2.8,0,12,Medium
ORD100238,2025-04-23,2025-04,South,Electronics,Online,265.095599056805,5,1325.48,4.6,0,822,Low
ORD100239,2025-08-17,2025-08,East,Home & Kitchen,Online,77.1906458263388,4,308.76,4.9,0,320,Medium
ORD100240,2025-02-21,2025-02,North,Electronics,Online,298.92695532064386,2,597.85,2.6,0,19,High
ORD100241,2025-08-02,2025-08,North,Electronics,Online,275.6074018795883,4,1102.43,3.6,0,751,Low
ORD100242,2025-02-04,2025-02,North,Sports,In-Store,43.161175053683195,4,172.64,2.5,0,870,Low
ORD100243,2025-08-26,2025-08,West,Apparel,In-Store,57.284289784062324,3,171.85,4.8,0,828,High
ORD100244,2025-08-18,2025-08,East,Electronics,In-Store,273.0200430555534,5,1365.1,4.3,0,437,Medium
ORD100245,2025-01-31,2025-01,East,Electronics,Online,233.54003417070996,4,934.16,1.8,0,56,High
ORD100246,2025-10-04,2025-10,East,Apparel,Online,47.14974799751202,2,94.3,5.3,1,205,Medium
ORD100247,2025-06-01,2025-06,South,Home & Kitchen,In-Store,102.78950659414939,5,513.95,3.8,0,28,Low
ORD100248,2025-10-15,2025-10,South,Beauty,Online,29.920491072423733,5,149.6,5.5,1,40,Medium
ORD100249,2025-01-16,2025-01,South,Electronics,In-Store,178.55720086716795,1,178.56,3.4,0,143,Medium
ORD100250,2025-03-07,2025-03,East,Electronics,In-Store,202.186420258751,2,404.37,3.7,0,507,High
ORD100251,2025-06-30,2025-06,North,Home & Kitchen,Online,70.8513345880194,4,283.41,6.8,1,689,Low
ORD100252,2025-03-10,2025-03,West,Apparel,In-Store,52.95335943402068,5,264.77,4.0,0,526,Low
ORD100253,2025-05-01,2025-05,West,Apparel,In-Store,37.134510526286626,4,148.54,3.2,0,185,Low
ORD100254,2025-08-30,2025-08,South,Beauty,Online,34.540221165088944,3,103.62,4.9,0,541,Low
ORD100255,2025-02-22,2025-02,East,Home & Kitchen,In-Store,82.09414904677067,2,164.19,1.5,0,208,High
ORD100256,2025-09-05,2025-09,North,Apparel,Online,57.94931927647112,1,57.95,5.4,1,415,High
ORD100257,2025-02-07,2025-02,West,Beauty,Online,31.184973607566825,5,155.92,4.9,0,800,Low
ORD100258,2025-03-05,2025-03,West,Electronics,Online,297.1898059236849,3,891.57,3.2,0,121,High
ORD100259,2025-08-03,2025-08,West,Beauty,Online,39.90985168559734,3,119.73,3.3,0,787,Low
ORD100260,2025-10-17,2025-10,South,Home & Kitchen,Online,66.37610442982528,5,331.88,5.2,1,244,Medium
ORD100261,2025-03-04,2025-03,North,Home & Kitchen,In-Store,94.42531573170548,1,94.43,4.1,0,603,Medium
ORD100262,2025-04-20,2025-04,North,Beauty,Online,25.507119731536278,2,51.01,2.3,0,235,Medium
ORD100263,2025-12-04,2025-12,North,Home & Kitchen,Online,102.10504114890561,5,510.53,5.0,0,148,Medium
ORD100264,2025-12-28,2025-12,North,Apparel,In-Store,51.52527936790192,2,103.05,2.9,0,405,Medium
ORD100265,2025-08-01,2025-08,North,Electronics,Online,199.29412491937427,5,996.47,2.6,0,343,High
ORD100266,2025-06-13,2025-06,West,Home & Kitchen,In-Store,69.95092318947636,5,349.75,3.2,0,457,Low
ORD100267,2025-05-07,2025-05,North,Home & Kitchen,Online,80.05634868254407,1,80.06,5.8,1,213,Medium
ORD100268,2025-08-12,2025-08,North,Electronics,In-Store,277.31133760501416,3,831.93,1.3,0,880,Low
ORD100269,2025-08-04,2025-08,West,Sports,In-Store,75.43878757965696,4,301.76,2.9,0,604,Low
ORD100270,2025-04-18,2025-04,East,Home & Kitchen,Online,57.86906863107638,3,173.61,5.1,1,756,Medium
ORD100271,2025-01-09,2025-01,East,Apparel,Online,41.02204728733335,2,82.04,4.3,0,702,Medium
ORD100272,2025-02-25,2025-02,East,Electronics,Online,219.1190483743365,1,219.12,3.1,0,652,High
ORD100273,2025-12-16,2025-12,West,Apparel,In-Store,49.94583342349366,1,49.95,5.0,0,128,Low
ORD100274,2025-06-02,2025-06,East,Electronics,In-Store,177.02715935746366,1,177.03,4.5,0,529,Low
ORD100275,2025-06-26,2025-06,South,Electronics,Online,205.63358516145442,2,411.27,5.6,1,808,Low
ORD100276,2025-06-20,2025-06,East,Apparel,Online,59.3963061478907,2,118.79,3.3,0,87,High
ORD100277,2025-10-13,2025-10,South,Electronics,In-Store,227.388317065702,5,1136.94,4.0,0,417,High
ORD100278,2025-01-24,2025-01,South,Electronics,Online,268.5980568106897,3,805.79,5.5,1,166,High
ORD100279,2025-01-31,2025-01,South,Home & Kitchen,In-Store,83.14759636379503,1,83.15,2.9,0,715,Low
ORD100280,2025-04-11,2025-04,North,Apparel,In-Store,46.146951156614605,1,46.15,4.6,0,838,High
ORD100281,2025-06-27,2025-06,East,Beauty,Online,34.060436026753585,1,34.06,6.0,1,47,Low
ORD100282,2025-09-02,2025-09,North,Beauty,Online,26.446654755981967,2,52.89,3.4,0,721,High
ORD100283,2025-06-29,2025-06,North,Home & Kitchen,Online,69.98891756114999,4,279.96,4.1,0,325,Medium
ORD100284,2025-06-11,2025-06,North,Beauty,Online,41.776430952723786,1,41.78,5.1,1,867,Low
ORD100285,2025-12-09,2025-12,West,Beauty,In-Store,39.24883219570366,3,117.75,6.1,1,14,Medium
ORD100286,2025-02-28,2025-02,South,Apparel,In-Store,54.7392792381638,3,164.22,6.4,1,173,Medium
ORD100287,2025-07-28,2025-07,East,Sports,In-Store,47.760070640332394,1,47.76,1.2,0,646,Low
ORD100288,2025-07-17,2025-07,West,Electronics,Online,158.65460552245403,1,158.65,4.1,0,700,Low
ORD100289,2025-06-22,2025-06,North,Home & Kitchen,Online,65.8231002350372,2,131.65,4.3,0,72,Medium
ORD100290,2025-10-22,2025-10,East,Apparel,In-Store,61.03852538198688,1,61.04,2.7,0,144,High
ORD100291,2025-04-08,2025-04,South,Electronics,Online,279.7086246183441,4,1118.83,7.3,1,305,Medium
ORD100292,2025-12-15,2025-12,North,Electronics,Online,234.55370592324073,5,1172.77,5.7,1,32,Low
ORD100293,2025-05-02,2025-05,East,Beauty,Online,41.34439241873592,4,165.38,3.0,0,703,Medium
ORD100294,2025-07-18,2025-07,West,Apparel,In-Store,36.11733624142248,4,144.47,3.6,0,603,Low
ORD100295,2025-07-10,2025-07,North,Electronics,In-Store,240.10916776092964,4,960.44,2.1,0,674,Low
ORD100296,2025-11-07,2025-11,East,Electronics,Online,182.21620746540128,5,911.08,3.8,0,423,Low
ORD100297,2025-06-10,2025-06,North,Apparel,In-Store,41.15250105133563,1,41.15,2.7,0,576,Low
ORD100298,2025-04-14,2025-04,East,Sports,Online,81.48567079645547,5,407.43,5.1,1,515,Low
ORD100299,2025-01-08,2025-01,East,Sports,Online,78.4676976950447,3,235.4,2.9,0,624,Low
ORD100300,2025-05-13,2025-05,East,Apparel,Online,34.70666174736346,3,104.12,1.0,0,406,Low
ORD100301,2025-10-29,2025-10,East,Electronics,In-Store,192.42974605638452,4,769.72,1.4,0,586,Medium
ORD100302,2025-01-04,2025-01,North,Electronics,Online,245.55415031563575,3,736.66,2.5,0,581,Low
ORD100303,2025-11-24,2025-11,East,Apparel,Online,33.43261280123596,2,66.87,3.2,0,577,Low
ORD100304,2025-07-18,2025-07,East,Sports,Online,65.10355518876037,1,65.1,4.2,0,785,Low
ORD100305,2025-02-21,2025-02,East,Sports,In-Store,66.54864030334845,1,66.55,2.0,0,315,Medium
ORD100306,2025-04-21,2025-04,North,Apparel,In-Store,40.66546621190947,1,40.67,1.5,0,791,Medium
ORD100307,2025-07-22,2025-07,South,Home & Kitchen,Online,72.4148868870069,2,144.83,4.1,0,26,Low
ORD100308,2025-04-26,2025-04,South,Apparel,In-Store,38.71599696625723,4,154.86,3.2,0,438,Medium
ORD100309,2025-02-09,2025-02,North,Home & Kitchen,Online,108.39787673097838,2,216.8,3.0,0,398,Medium
ORD100310,2025-09-01,2025-09,North,Home & Kitchen,Online,77.77678387914834,3,233.33,3.0,0,781,Medium
ORD100311,2025-09-03,2025-09,South,Home & Kitchen,Online,88.77506753437785,1,88.78,6.0,1,41,Low
ORD100312,2025-02-13,2025-02,East,Home & Kitchen,In-Store,72.88817615819681,3,218.66,2.1,0,195,Low
ORD100313,2025-04-13,2025-04,North,Beauty,Online,35.75594409271299,5,178.78,3.3,0,422,Low
ORD100314,2025-03-31,2025-03,West,Apparel,Online,34.69540003834724,2,69.39,3.8,0,734,Low
ORD100315,2025-08-29,2025-08,South,Electronics,Online,165.03279763657824,3,495.1,6.2,1,418,Low
ORD100316,2025-09-24,2025-09,East,Electronics,Online,268.61969912961047,5,1343.1,3.8,0,575,High
ORD100317,2025-09-23,2025-09,South,Home & Kitchen,In-Store,96.69340566565958,4,386.77,5.8,1,161,Low
ORD100318,2025-12-09,2025-12,South,Home & Kitchen,In-Store,70.84007482387707,2,141.68,3.1,0,849,Low
ORD100319,2025-10-08,2025-10,East,Home & Kitchen,Online,75.88261591258254,1,75.88,3.9,0,706,High
ORD100320,2025-04-28,2025-04,West,Sports,In-Store,82.20494105597854,5,411.02,3.1,0,39,Medium
ORD100321,2025-02-09,2025-02,South,Electronics,Online,170.06686542927838,4,680.27,3.7,0,634,Low
ORD100322,2025-08-13,2025-08,South,Home & Kitchen,Online,66.25623572661357,1,66.26,5.1,1,117,High
ORD100323,2025-12-01,2025-12,East,Sports,Online,60.061611328875784,3,180.18,6.1,1,504,Low
ORD100324,2025-12-22,2025-12,East,Apparel,In-Store,40.38611554074904,5,201.93,2.3,0,637,Low
ORD100325,2025-03-26,2025-03,North,Apparel,Online,51.94376928191452,5,259.72,3.5,0,833,Low
ORD100326,2025-03-28,2025-03,South,Electronics,In-Store,260.3526653337894,1,260.35,2.9,0,64,Low
ORD100327,2025-01-14,2025-01,South,Apparel,Online,48.08122464253799,3,144.24,3.4,0,259,Medium
ORD100328,2025-02-21,2025-02,West,Sports,In-Store,67.67028665891632,5,338.35,2.9,0,621,Low
ORD100329,2025-07-22,2025-07,South,Beauty,Online,30.101837472427242,4,120.41,4.7,0,236,Medium
ORD100330,2025-07-19,2025-07,South,Home & Kitchen,In-Store,98.5816862086093,3,295.75,4.0,0,641,Low
ORD100331,2025-05-16,2025-05,West,Apparel,In-Store,32.82610268215749,2,65.65,3.5,0,165,High
ORD100332,2025-04-24,2025-04,South,Home & Kitchen,Online,73.52191485272932,4,294.09,3.2,0,148,Low
ORD100333,2025-10-30,2025-10,North,Sports,In-Store,70.74606173858555,3,212.24,2.2,0,490,High
ORD100334,2025-06-17,2025-06,North,Apparel,Online,41.883820898074546,3,125.65,4.3,0,620,Low
ORD100335,2025-10-23,2025-10,North,Sports,Online,45.29848177860387,5,226.49,2.1,0,185,High
ORD100336,2025-12-18,2025-12,North,Electronics,Online,207.1320679838834,2,414.26,3.3,0,786,Medium
ORD100337,2025-04-26,2025-04,South,Electronics,In-Store,263.57019485545413,4,1054.28,4.9,0,782,Medium
ORD100338,2025-03-15,2025-03,East,Electronics,In-Store,172.78566924901094,1,172.79,2.4,0,74,Low
ORD100339,2025-12-14,2025-12,East,Electronics,Online,265.5932300885948,4,1062.37,4.4,0,274,Medium
ORD100340,2025-08-20,2025-08,North,Beauty,In-Store,37.284570043509085,3,111.85,1.2,0,500,Medium
ORD100341,2025-04-17,2025-04,East,Apparel,Online,51.511973449315015,5,257.56,5.1,1,442,Medium
ORD100342,2025-08-15,2025-08,North,Electronics,Online,191.6120434779542,2,383.22,4.1,0,230,Medium
ORD100343,2025-07-07,2025-07,West,Apparel,Online,56.866803751644426,5,284.33,4.6,0,477,High
ORD100344,2025-11-27,2025-11,North,Apparel,Online,38.254938806021656,3,114.76,5.0,0,866,High
ORD100345,2025-04-04,2025-04,East,Apparel,Online,60.03335999339753,2,120.07,3.6,0,277,Low
ORD100346,2025-12-28,2025-12,South,Electronics,Online,262.8234376678806,1,262.82,4.5,0,197,Low
ORD100347,2025-12-08,2025-12,East,Home & Kitchen,Online,59.06431589223534,1,59.06,5.6,1,664,Low
ORD100348,2025-03-07,2025-03,South,Electronics,Online,277.0902162738961,2,554.18,7.4,1,514,Medium
ORD100349,2025-03-02,2025-03,East,Sports,In-Store,63.27020869511611,3,189.81,2.5,0,623,High
ORD100350,2025-07-14,2025-07,North,Electronics,Online,223.7079300322099,5,1118.54,3.6,0,582,Low
ORD100351,2025-01-17,2025-01,West,Sports,In-Store,59.66147009333644,5,298.31,5.1,1,684,Low
ORD100352,2025-04-20,2025-04,South,Sports,Online,67.4784627905185,4,269.91,5.1,1,656,Low
ORD100353,2025-06-08,2025-06,East,Electronics,Online,265.585089120576,3,796.76,4.7,0,545,Low
ORD100354,2025-12-20,2025-12,West,Electronics,Online,291.98039882158236,4,1167.92,5.4,1,409,High
ORD100355,2025-12-29,2025-12,West,Beauty,In-Store,26.73184107189173,2,53.46,3.1,0,414,Medium
ORD100356,2025-02-25,2025-02,North,Apparel,Online,51.36945259667834,2,102.74,4.2,0,239,Low
ORD100357,2025-11-22,2025-11,North,Home & Kitchen,Online,94.43518624221527,3,283.31,3.7,0,404,Low
ORD100358,2025-02-03,2025-02,North,Electronics,In-Store,257.91875952718146,5,1289.59,1.5,0,544,Low
ORD100359,2025-10-01,2025-10,North,Electronics,In-Store,229.92209975857733,1,229.92,1.8,0,645,Medium
ORD100360,2025-11-05,2025-11,East,Home & Kitchen,Online,77.89726269940726,1,77.9,3.2,0,695,Medium
ORD100361,2025-11-22,2025-11,West,Beauty,Online,37.00995515840892,1,37.01,5.6,1,339,Low
ORD100362,2025-03-23,2025-03,West,Electronics,Online,200.2015098222834,2,400.4,5.7,1,659,Low
ORD100363,2025-11-23,2025-11,South,Sports,Online,50.7382328207262,1,50.74,6.1,1,394,High
ORD100364,2025-02-12,2025-02,East,Home & Kitchen,In-Store,86.56643485056692,1,86.57,3.8,0,323,Medium
ORD100365,2025-07-09,2025-07,West,Electronics,Online,195.21207207997523,1,195.21,5.0,0,148,Medium
ORD100366,2025-06-21,2025-06,West,Apparel,Online,32.546844627082976,2,65.09,4.8,0,240,Low
ORD100367,2025-04-26,2025-04,North,Electronics,Online,161.94266448087504,4,647.77,4.2,0,611,High
ORD100368,2025-01-09,2025-01,South,Apparel,Online,53.392831581186556,1,53.39,5.8,1,195,Medium
ORD100369,2025-10-09,2025-10,West,Home & Kitchen,In-Store,110.4961673755561,2,220.99,2.1,0,70,High
ORD100370,2025-05-03,2025-05,South,Apparel,Online,45.82268408422136,5,229.11,4.3,0,245,Low
ORD100371,2025-08-30,2025-08,South,Electronics,Online,176.64741334004904,1,176.65,4.0,0,891,Low
ORD100372,2025-05-30,2025-05,West,Home & Kitchen,Online,101.81265978964376,5,509.06,5.8,1,135,Low
ORD100373,2025-05-17,2025-05,West,Home & Kitchen,Online,70.6404102305283,3,211.92,6.5,1,130,High
ORD100374,2025-11-20,2025-11,West,Home & Kitchen,Online,111.7550818498173,4,447.02,1.9,0,363,Medium
ORD100375,2025-02-04,2025-02,East,Home & Kitchen,Online,87.54279328631537,2,175.09,5.9,1,345,Low
ORD100376,2025-09-26,2025-09,North,Electronics,In-Store,189.8254124782555,2,379.65,3.1,0,828,High
ORD100377,2025-09-30,2025-09,South,Home & Kitchen,In-Store,83.77626709336326,2,167.55,5.7,1,214,High
ORD100378,2025-05-19,2025-05,South,Apparel,In-Store,42.06451006263393,1,42.06,5.1,1,376,Low
ORD100379,2025-04-06,2025-04,East,Apparel,In-Store,56.05336751574885,2,112.11,5.0,0,262,Medium
ORD100380,2025-01-02,2025-01,South,Electronics,Online,170.29564641444057,5,851.48,5.5,1,225,Medium
ORD100381,2025-12-08,2025-12,East,Home & Kitchen,Online,103.9921521538227,1,103.99,2.4,0,290,Low
ORD100382,2025-12-12,2025-12,South,Home & Kitchen,Online,98.97086607879153,3,296.91,5.1,1,232,Medium
ORD100383,2025-03-29,2025-03,East,Apparel,In-Store,58.63295982289685,4,234.53,3.9,0,646,Low
ORD100384,2025-01-12,2025-01,South,Beauty,Online,39.79486866687496,1,39.79,4.9,0,711,High
ORD100385,2025-02-14,2025-02,South,Sports,Online,51.65066856360941,1,51.65,6.0,1,159,Medium
ORD100386,2025-01-25,2025-01,North,Electronics,Online,234.2348943132076,3,702.7,3.6,0,446,High
ORD100387,2025-10-31,2025-10,North,Home & Kitchen,Online,103.59564432931712,2,207.19,3.0,0,238,Medium
ORD100388,2025-11-22,2025-11,West,Apparel,In-Store,43.38772112165751,5,216.94,2.5,0,780,Low
ORD100389,2025-02-25,2025-02,South,Beauty,In-Store,22.26855911270828,1,22.27,4.0,0,91,Low
ORD100390,2025-09-30,2025-09,North,Electronics,Online,198.91169090693154,1,198.91,3.9,0,368,Medium
ORD100391,2025-03-07,2025-03,East,Apparel,In-Store,39.120489811456544,2,78.24,1.0,0,298,Low
ORD100392,2025-05-15,2025-05,East,Apparel,Online,58.906972488706785,2,117.81,3.1,0,327,Medium
ORD100393,2025-08-07,2025-08,North,Electronics,Online,225.4323378090088,1,225.43,1.3,0,847,Low
ORD100394,2025-09-20,2025-09,South,Home & Kitchen,Online,94.27847729699353,4,377.11,4.5,0,487,Low
ORD100395,2025-11-16,2025-11,North,Apparel,In-Store,61.80675321528493,2,123.61,4.4,0,342,Low
ORD100396,2025-01-17,2025-01,East,Electronics,Online,200.07492926732138,3,600.22,2.6,0,727,Medium
ORD100397,2025-03-13,2025-03,North,Home & Kitchen,Online,98.62717522153416,2,197.25,4.5,0,699,Low
ORD100398,2025-04-13,2025-04,North,Beauty,In-Store,21.47804655189315,1,21.48,6.4,1,131,Medium
ORD100399,2025-04-24,2025-04,North,Sports,Online,46.37287936308418,1,46.37,5.4,1,416,Low
ORD100400,2025-12-31,2025-12,East,Apparel,Online,36.598750335103254,1,36.6,4.2,0,371,Medium
ORD100401,2025-10-11,2025-10,North,Apparel,In-Store,41.341177611484014,5,206.71,4.0,0,405,Medium
ORD100402,2025-04-27,2025-04,West,Electronics,In-Store,216.06003112992428,2,432.12,2.2,0,314,Medium
ORD100403,2025-12-21,2025-12,North,Beauty,In-Store,31.01733370537734,2,62.03,1.1,0,741,Low
ORD100404,2025-07-02,2025-07,East,Sports,In-Store,52.30391654390269,3,156.91,3.3,0,896,Low
ORD100405,2025-07-02,2025-07,South,Home & Kitchen,Online,59.70805789816761,1,59.71,5.7,1,25,Low
ORD100406,2025-06-08,2025-06,South,Beauty,Online,35.22798492864511,4,140.91,6.5,1,771,Medium
ORD100407,2025-02-22,2025-02,North,Electronics,In-Store,157.64384844427673,3,472.93,2.3,0,778,Low
ORD100408,2025-12-08,2025-12,West,Home & Kitchen,Online,101.33035555208858,4,405.32,4.7,0,329,High
ORD100409,2025-01-06,2025-01,West,Electronics,Online,297.089843073285,1,297.09,4.7,0,437,Medium
ORD100410,2025-03-05,2025-03,North,Electronics,In-Store,263.3968127035837,1,263.4,2.8,0,92,Low
ORD100411,2025-03-25,2025-03,North,Apparel,Online,50.272756294157205,4,201.09,3.6,0,316,Medium
ORD100412,2025-04-12,2025-04,West,Apparel,Online,52.19608367385193,2,104.39,3.5,0,215,Medium
ORD100413,2025-02-18,2025-02,South,Beauty,In-Store,34.69666297896948,1,34.7,4.8,0,816,Low
ORD100414,2025-01-07,2025-01,North,Apparel,In-Store,60.84871178609476,3,182.55,3.2,0,97,Medium
ORD100415,2025-09-05,2025-09,North,Sports,In-Store,82.50084659014662,3,247.5,2.5,0,306,High
ORD100416,2025-12-20,2025-12,East,Sports,In-Store,59.92188896014531,5,299.61,4.1,0,433,Low
ORD100417,2025-02-14,2025-02,East,Home & Kitchen,Online,90.55643386431142,5,452.78,5.2,1,879,Low
ORD100418,2025-04-19,2025-04,East,Beauty,In-Store,37.858948128417616,3,113.58,4.1,0,735,Medium
ORD100419,2025-07-04,2025-07,West,Apparel,Online,31.53270195092233,1,31.53,3.2,0,842,Low
ORD100420,2025-12-05,2025-12,South,Apparel,In-Store,48.101001380073036,4,192.4,4.6,0,279,Medium
ORD100421,2025-09-11,2025-09,South,Electronics,Online,254.5429563319254,2,509.09,4.1,0,241,Medium
ORD100422,2025-10-07,2025-10,South,Electronics,In-Store,264.44963925958757,5,1322.25,4.6,0,514,Medium
ORD100423,2025-08-01,2025-08,South,Beauty,Online,28.744577597321904,4,114.98,4.1,0,307,Low
ORD100424,2025-06-02,2025-06,North,Apparel,In-Store,40.812799249265154,2,81.63,4.5,0,15,Low
ORD100425,2025-03-14,2025-03,North,Apparel,Online,37.237490846889116,5,186.19,4.6,0,731,High
ORD100426,2025-11-12,2025-11,South,Electronics,Online,239.9035945541134,3,719.71,6.6,1,86,Low
ORD100427,2025-10-21,2025-10,East,Apparel,Online,60.45805811594183,2,120.92,5.3,1,176,Low
ORD100428,2025-01-10,2025-01,North,Sports,Online,79.63108233041002,1,79.63,3.4,0,848,Low
ORD100429,2025-09-19,2025-09,South,Apparel,In-Store,42.83892670546731,4,171.36,4.0,0,659,Low
ORD100430,2025-01-31,2025-01,East,Sports,Online,52.82991587740451,2,105.66,6.1,1,578,Low
ORD100431,2025-09-27,2025-09,East,Home & Kitchen,Online,100.1724540695635,1,100.17,3.8,0,117,Low
ORD100432,2025-10-29,2025-10,East,Sports,Online,72.4491607662559,1,72.45,2.4,0,226,Medium
ORD100433,2025-02-17,2025-02,West,Electronics,Online,231.82233399517378,4,927.29,5.7,1,185,Medium
ORD100434,2025-06-08,2025-06,East,Home & Kitchen,In-Store,77.78569453417602,5,388.93,3.5,0,577,High
ORD100435,2025-02-15,2025-02,North,Electronics,Online,173.06487717675694,2,346.13,5.5,1,450,High
ORD100436,2025-07-27,2025-07,South,Apparel,Online,56.231865556405445,2,112.46,5.5,1,325,Low
ORD100437,2025-12-05,2025-12,East,Sports,Online,67.93350663043128,4,271.73,4.0,0,671,Low
ORD100438,2025-01-30,2025-01,North,Home & Kitchen,Online,77.10537406532893,1,77.11,5.5,1,700,High
ORD100439,2025-05-26,2025-05,North,Electronics,In-Store,295.4933483142871,1,295.49,1.2,0,665,Low
ORD100440,2025-12-22,2025-12,North,Beauty,Online,34.8531268346491,4,139.41,3.0,0,96,Low
ORD100441,2025-04-20,2025-04,South,Electronics,Online,297.1027854939369,3,891.31,4.1,0,548,Low
ORD100442,2025-02-18,2025-02,South,Home & Kitchen,In-Store,82.56709777902005,1,82.57,1.9,0,189,Medium
ORD100443,2025-06-28,2025-06,North,Beauty,Online,30.546974305342523,2,61.09,4.7,0,245,Low
ORD100444,2025-07-05,2025-07,West,Home & Kitchen,Online,108.48540025758844,1,108.49,3.8,0,880,Low
ORD100445,2025-08-30,2025-08,West,Sports,Online,82.3112399862284,4,329.24,5.6,1,374,Low
ORD100446,2025-04-25,2025-04,North,Home & Kitchen,In-Store,109.80296985721762,4,439.21,3.5,0,709,Medium
ORD100447,2025-12-15,2025-12,West,Sports,Online,76.3936905441126,4,305.57,5.2,1,222,Low
ORD100448,2025-07-10,2025-07,North,Home & Kitchen,Online,81.89474411016295,1,81.89,3.2,0,875,Medium
ORD100449,2025-04-15,2025-04,West,Home & Kitchen,In-Store,67.77676047906729,5,338.88,2.9,0,250,Low
ORD100450,2025-12-17,2025-12,West,Electronics,In-Store,213.04989571678553,2,426.1,3.9,0,164,Low
ORD100451,2025-12-04,2025-12,North,Sports,Online,81.40849464374712,5,407.04,4.8,0,291,Low
ORD100452,2025-07-02,2025-07,East,Electronics,In-Store,209.98736144236616,5,1049.94,3.2,0,156,Low
ORD100453,2025-01-10,2025-01,West,Beauty,Online,36.89106596329429,3,110.67,3.7,0,539,Low
ORD100454,2025-08-06,2025-08,West,Electronics,In-Store,296.1426700680306,4,1184.57,2.4,0,130,High
ORD100455,2025-07-22,2025-07,West,Electronics,In-Store,303.44039308374016,4,1213.76,4.0,0,187,Low
ORD100456,2025-02-24,2025-02,East,Beauty,Online,40.90115708438248,4,163.6,3.3,0,632,High
ORD100457,2025-08-20,2025-08,North,Electronics,Online,239.47887004923047,1,239.48,3.6,0,39,Low
ORD100458,2025-11-03,2025-11,West,Apparel,Online,46.994222351502415,1,46.99,4.2,0,396,Low
ORD100459,2025-02-08,2025-02,East,Sports,In-Store,83.48090136825542,5,417.4,2.8,0,623,Medium
ORD100460,2025-09-22,2025-09,East,Electronics,Online,187.59959750536723,4,750.4,4.4,0,401,Medium
ORD100461,2025-02-21,2025-02,South,Electronics,Online,182.87966029945343,4,731.52,5.9,1,20,Low
ORD100462,2025-10-01,2025-10,East,Apparel,In-Store,61.84024237899381,2,123.68,5.7,1,143,Low
ORD100463,2025-06-02,2025-06,North,Electronics,In-Store,260.1360025609221,3,780.41,3.9,0,873,Medium
ORD100464,2025-01-03,2025-01,East,Electronics,Online,236.59081750891633,2,473.18,5.9,1,695,Low
ORD100465,2025-12-19,2025-12,North,Electronics,In-Store,174.33566809756107,3,523.01,2.0,0,315,Medium
ORD100466,2025-03-02,2025-03,East,Apparel,Online,47.66706784401437,4,190.67,2.1,0,786,Medium
ORD100467,2025-08-06,2025-08,West,Apparel,In-Store,61.24296633592898,4,244.97,3.8,0,6,Low
ORD100468,2025-03-08,2025-03,South,Electronics,Online,246.84526379569542,2,493.69,6.2,1,43,Medium
ORD100469,2025-12-07,2025-12,South,Home & Kitchen,Online,78.65920285661394,5,393.3,6.0,1,796,Low
ORD100470,2025-09-27,2025-09,South,Home & Kitchen,In-Store,86.86176808204719,1,86.86,6.0,1,607,High
ORD100471,2025-10-21,2025-10,West,Electronics,Online,290.4663434007388,5,1452.33,1.5,0,540,High
ORD100472,2025-06-07,2025-06,East,Apparel,Online,60.254732825762815,4,241.02,5.5,1,310,Medium
ORD100473,2025-06-20,2025-06,South,Beauty,Online,29.4018514787108,3,88.21,5.6,1,735,High
ORD100474,2025-08-20,2025-08,North,Home & Kitchen,In-Store,90.05141613632203,2,180.1,1.1,0,547,Medium
ORD100475,2025-10-14,2025-10,North,Apparel,In-Store,40.29488229950917,2,80.59,3.9,0,392,Low
ORD100476,2025-11-06,2025-11,South,Apparel,In-Store,45.709186828992,2,91.42,4.7,0,343,Low
ORD100477,2025-01-07,2025-01,West,Electronics,In-Store,187.86192606460398,5,939.31,4.3,0,319,Low
ORD100478,2025-08-31,2025-08,East,Sports,In-Store,64.32183499835415,1,64.32,4.5,0,518,Low
ORD100479,2025-02-09,2025-02,North,Beauty,Online,33.1430428342579,4,132.57,4.2,0,590,Medium
ORD100480,2025-04-16,2025-04,West,Beauty,Online,28.094571458746234,5,140.47,2.7,0,724,Low
ORD100481,2025-10-30,2025-10,South,Electronics,In-Store,195.9062182983518,3,587.72,4.3,0,365,Medium
ORD100482,2025-04-02,2025-04,West,Apparel,In-Store,36.25730660889074,4,145.03,1.9,0,229,Low
ORD100483,2025-10-18,2025-10,North,Electronics,In-Store,175.4897245957486,3,526.47,3.8,0,501,Low
ORD100484,2025-06-18,2025-06,East,Apparel,In-Store,53.9110251449947,3,161.73,5.0,0,525,Low
ORD100485,2025-03-26,2025-03,West,Apparel,Online,38.48159711254015,4,153.93,3.0,0,250,High
ORD100486,2025-05-02,2025-05,North,Home & Kitchen,In-Store,62.606713181967386,5,313.03,2.2,0,66,Low
ORD100487,2025-07-13,2025-07,East,Electronics,In-Store,307.82624022370044,4,1231.3,2.2,0,300,Low
ORD100488,2025-10-07,2025-10,West,Beauty,In-Store,26.458246539670196,5,132.29,3.3,0,64,Low
ORD100489,2025-08-10,2025-08,North,Electronics,In-Store,291.9914405759323,3,875.97,3.5,0,74,High
ORD100490,2025-12-07,2025-12,North,Electronics,Online,247.8146368777953,4,991.26,3.2,0,869,Low
ORD100491,2025-11-13,2025-11,East,Beauty,In-Store,36.016473502943114,5,180.08,4.1,0,703,Medium
ORD100492,2025-10-02,2025-10,South,Sports,Online,65.55859428298467,2,131.12,6.5,1,32,Low
ORD100493,2025-08-09,2025-08,North,Apparel,In-Store,37.19555264438902,5,185.98,4.3,0,314,Low
ORD100494,2025-04-16,2025-04,South,Home & Kitchen,Online,103.43488800134573,4,413.74,3.9,0,229,Medium
ORD100495,2025-05-31,2025-05,East,Electronics,Online,281.50780603896476,3,844.52,5.7,1,877,Medium
ORD100496,2025-02-13,2025-02,North,Electronics,Online,207.85156166394117,4,831.41,5.5,1,394,Medium
ORD100497,2025-05-17,2025-05,South,Apparel,Online,55.5612969369611,1,55.56,7.1,1,234,Low
ORD100498,2025-12-05,2025-12,West,Apparel,Online,48.60576813784947,4,194.42,4.3,0,571,High
ORD100499,2025-06-05,2025-06,South,Home & Kitchen,In-Store,106.90675187136361,3,320.72,3.6,0,428,Medium
ORD100500,2025-02-11,2025-02,West,Electronics,Online,277.634953180811,5,1388.17,3.3,0,169,High
ORD100501,2025-08-26,2025-08,South,Home & Kitchen,In-Store,58.29576310891372,4,233.18,3.2,0,275,Low
ORD100502,2025-12-18,2025-12,West,Sports,Online,78.92959083203284,3,236.79,4.5,0,115,Low
ORD100503,2025-11-13,2025-11,East,Electronics,Online,303.1592283686874,3,909.48,5.0,0,624,Low
ORD100504,2025-04-11,2025-04,North,Electronics,In-Store,268.2920552042659,3,804.88,4.6,0,873,Medium
ORD100505,2025-06-15,2025-06,West,Apparel,In-Store,35.27727622168264,5,176.39,3.2,0,727,Medium
ORD100506,2025-07-13,2025-07,South,Sports,Online,75.90978737315903,4,303.64,5.2,1,338,Low
ORD100507,2025-04-01,2025-04,North,Home & Kitchen,In-Store,92.2593863869208,1,92.26,2.9,0,438,Low
ORD100508,2025-04-09,2025-04,North,Sports,In-Store,56.23070533592316,3,168.69,2.2,0,55,Low
ORD100509,2025-03-28,2025-03,East,Apparel,Online,59.346962362568995,2,118.69,4.9,0,330,Low
ORD100510,2025-12-30,2025-12,North,Electronics,In-Store,241.0972700217886,1,241.1,3.4,0,29,Medium
ORD100511,2025-09-30,2025-09,North,Home & Kitchen,In-Store,103.7639641370865,5,518.82,3.2,0,670,Low
ORD100512,2025-11-03,2025-11,North,Electronics,In-Store,257.1975172819734,5,1285.99,3.4,0,818,Low
ORD100513,2025-10-26,2025-10,South,Sports,Online,54.11767635560698,5,270.59,5.9,1,173,Low
ORD100514,2025-12-17,2025-12,South,Electronics,Online,304.15287916259956,2,608.31,5.9,1,606,Low
ORD100515,2025-02-08,2025-02,South,Apparel,Online,49.48667476009609,3,148.46,4.2,0,539,High
ORD100516,2025-11-18,2025-11,North,Home & Kitchen,In-Store,84.93829354228168,4,339.75,4.1,0,376,Low
ORD100517,2025-01-25,2025-01,North,Apparel,In-Store,44.21055328997753,1,44.21,3.3,0,660,High
ORD100518,2025-06-23,2025-06,East,Home & Kitchen,Online,63.63527537235049,1,63.64,3.5,0,612,Medium
ORD100519,2025-08-05,2025-08,South,Apparel,In-Store,53.11570572113909,3,159.35,4.8,0,243,Medium
ORD100520,2025-05-11,2025-05,East,Beauty,Online,30.046783158122096,4,120.19,4.4,0,718,Low
ORD100521,2025-02-23,2025-02,North,Sports,Online,81.25372543493695,3,243.76,5.0,0,590,Medium
ORD100522,2025-03-12,2025-03,North,Beauty,In-Store,41.26704054099686,2,82.53,1.7,0,281,Medium
ORD100523,2025-10-29,2025-10,North,Home & Kitchen,Online,98.98788789959724,3,296.96,5.3,1,661,Low
ORD100524,2025-04-27,2025-04,South,Home & Kitchen,Online,69.57970676734197,5,347.9,5.2,1,576,High
ORD100525,2025-04-24,2025-04,South,Home & Kitchen,Online,96.09486212502212,2,192.19,4.6,0,106,Low
ORD100526,2025-12-04,2025-12,West,Apparel,Online,32.14328515539925,3,96.43,3.9,0,150,Low
ORD100527,2025-02-22,2025-02,South,Apparel,In-Store,57.53161583846436,2,115.06,3.3,0,292,Low
ORD100528,2025-12-01,2025-12,South,Home & Kitchen,In-Store,83.64263975706962,2,167.29,2.4,0,40,Medium
ORD100529,2025-12-03,2025-12,East,Electronics,Online,298.2579060823187,4,1193.03,4.8,0,366,Low
ORD100530,2025-08-07,2025-08,North,Electronics,Online,212.1750463641986,2,424.35,6.1,1,415,Low
ORD100531,2025-03-02,2025-03,South,Beauty,Online,26.526645694160727,4,106.11,3.3,0,698,Low
ORD100532,2025-02-26,2025-02,South,Electronics,Online,307.23867616843006,1,307.24,4.1,0,155,Low
ORD100533,2025-04-14,2025-04,South,Home & Kitchen,Online,85.71796080467621,4,342.87,6.1,1,511,Low
ORD100534,2025-07-30,2025-07,North,Home & Kitchen,Online,104.33822237498454,1,104.34,3.6,0,598,High
ORD100535,2025-02-26,2025-02,East,Electronics,In-Store,294.30280325923536,2,588.61,4.3,0,405,Low
ORD100536,2025-06-16,2025-06,West,Beauty,Online,31.88784296840989,5,159.44,4.4,0,816,High
ORD100537,2025-02-12,2025-02,North,Electronics,Online,224.17994452995487,2,448.36,3.0,0,287,Medium
ORD100538,2025-07-17,2025-07,East,Beauty,Online,32.610605050219355,4,130.44,3.7,0,367,Medium
ORD100539,2025-01-08,2025-01,East,Sports,In-Store,77.60505912101938,2,155.21,1.0,0,4,High
ORD100540,2025-09-16,2025-09,North,Electronics,Online,302.5576756665231,5,1512.79,2.3,0,370,Low
ORD100541,2025-01-21,2025-01,East,Electronics,Online,204.56160484293628,5,1022.81,5.1,1,19,Medium
ORD100542,2025-03-13,2025-03,East,Apparel,In-Store,54.76685703677517,5,273.83,4.7,0,885,Low
ORD100543,2025-03-05,2025-03,West,Apparel,Online,40.48929603463372,2,80.98,6.2,1,217,Low
ORD100544,2025-10-31,2025-10,West,Electronics,In-Store,248.0867683650518,2,496.17,4.3,0,731,Low
ORD100545,2025-01-20,2025-01,North,Beauty,Online,37.900581352583686,4,151.6,1.0,0,105,Medium
ORD100546,2025-06-06,2025-06,South,Electronics,In-Store,290.5188939978392,5,1452.59,3.7,0,247,Medium
ORD100547,2025-08-04,2025-08,South,Sports,In-Store,60.84607973972837,3,182.54,6.1,1,108,Low
ORD100548,2025-07-08,2025-07,North,Electronics,Online,210.94237511514729,4,843.77,5.6,1,332,Medium
ORD100549,2025-09-06,2025-09,South,Beauty,In-Store,26.322483852228643,5,131.61,6.1,1,542,Low
ORD100550,2025-10-21,2025-10,West,Electronics,Online,174.5462442444009,4,698.18,4.2,0,378,Low
ORD100551,2025-05-24,2025-05,North,Apparel,In-Store,42.99490341227573,2,85.99,1.4,0,545,Low
ORD100552,2025-10-30,2025-10,South,Home & Kitchen,In-Store,104.83075706587942,2,209.66,4.5,0,725,Medium
ORD100553,2025-04-27,2025-04,West,Electronics,In-Store,218.49666549643828,3,655.49,3.8,0,41,Low
ORD100554,2025-12-26,2025-12,South,Sports,In-Store,55.32631296407132,3,165.98,6.4,1,382,Low
ORD100555,2025-07-04,2025-07,South,Electronics,Online,267.8263656663079,5,1339.13,5.5,1,534,Low
ORD100556,2025-09-26,2025-09,West,Home & Kitchen,Online,68.07273041105256,2,136.15,4.5,0,471,Medium
ORD100557,2025-11-16,2025-11,South,Home & Kitchen,Online,70.35206093931022,1,70.35,5.3,1,132,Medium
ORD100558,2025-10-17,2025-10,North,Home & Kitchen,In-Store,108.41088430694495,2,216.82,3.5,0,186,Low
ORD100559,2025-11-07,2025-11,North,Electronics,In-Store,166.56481266305138,3,499.69,3.8,0,340,Medium
ORD100560,2025-07-15,2025-07,West,Electronics,In-Store,217.85320175748717,2,435.71,2.9,0,586,Medium
ORD100561,2025-01-16,2025-01,North,Electronics,Online,242.81968362879985,2,485.64,2.4,0,890,Low
ORD100562,2025-06-29,2025-06,South,Apparel,Online,38.75321254186007,2,77.51,6.8,1,332,Low
ORD100563,2025-03-08,2025-03,North,Electronics,In-Store,197.2759225721468,5,986.38,1.0,0,470,High
ORD100564,2025-11-21,2025-11,South,Beauty,In-Store,25.65875265972195,3,76.98,6.5,1,276,Low
ORD100565,2025-03-28,2025-03,West,Home & Kitchen,Online,75.33039203539593,4,301.32,2.2,0,31,Low
ORD100566,2025-03-25,2025-03,South,Home & Kitchen,Online,106.3163222843931,3,318.95,4.5,0,359,High
ORD100567,2025-04-02,2025-04,West,Apparel,Online,45.095001417007445,1,45.1,5.7,1,313,Medium
ORD100568,2025-08-23,2025-08,North,Electronics,Online,218.3456685446085,2,436.69,3.7,0,136,Medium
ORD100569,2025-07-28,2025-07,South,Home & Kitchen,In-Store,77.64852928976579,5,388.24,2.9,0,604,Medium
ORD100570,2025-12-13,2025-12,West,Apparel,Online,61.869645398533585,3,185.61,5.0,0,233,Low
ORD100571,2025-06-01,2025-06,South,Apparel,Online,35.19493224092419,4,140.78,5.3,1,202,Medium
ORD100572,2025-04-14,2025-04,North,Apparel,Online,58.96407575959004,4,235.86,3.4,0,350,Low
ORD100573,2025-01-18,2025-01,West,Home & Kitchen,Online,74.32101979276663,3,222.96,3.8,0,868,High
ORD100574,2025-01-03,2025-01,South,Beauty,In-Store,41.08674342581242,3,123.26,4.5,0,573,Low
ORD100575,2025-05-17,2025-05,South,Electronics,Online,202.54499592152345,2,405.09,4.5,0,383,Low
ORD100576,2025-12-04,2025-12,West,Apparel,Online,34.11054244257409,2,68.22,7.4,1,738,Low
ORD100577,2025-07-11,2025-07,North,Electronics,Online,234.08645019028745,1,234.09,3.4,0,19,Medium
ORD100578,2025-11-23,2025-11,South,Apparel,In-Store,38.677765748262175,2,77.36,4.1,0,303,Low
ORD100579,2025-02-07,2025-02,North,Sports,In-Store,73.62557224988177,4,294.5,2.4,0,486,Medium
ORD100580,2025-02-04,2025-02,South,Electronics,Online,255.22506522250495,5,1276.13,7.3,1,440,Low
ORD100581,2025-11-01,2025-11,North,Home & Kitchen,Online,94.4422728436531,3,283.33,1.7,0,608,Low
ORD100582,2025-02-08,2025-02,East,Apparel,Online,37.594918891235054,4,150.38,4.4,0,631,Medium
ORD100583,2025-01-19,2025-01,North,Electronics,Online,263.12906079231163,5,1315.65,3.4,0,410,Low
ORD100584,2025-05-28,2025-05,East,Beauty,Online,27.537951566587083,4,110.15,2.3,0,836,Medium
ORD100585,2025-12-04,2025-12,North,Apparel,In-Store,62.95823188389224,2,125.92,2.0,0,835,High
ORD100586,2025-09-09,2025-09,South,Sports,In-Store,72.73424184910826,2,145.47,4.9,0,428,Medium
ORD100587,2025-02-06,2025-02,South,Apparel,Online,50.09796248336814,4,200.39,4.2,0,811,Low
ORD100588,2025-11-02,2025-11,East,Beauty,Online,39.2094733635265,2,78.42,4.3,0,577,Low
ORD100589,2025-11-04,2025-11,South,Apparel,Online,50.063318541161955,2,100.13,7.3,1,125,High
ORD100590,2025-10-20,2025-10,South,Apparel,Online,48.911620803429294,3,146.73,5.4,1,108,Medium
ORD100591,2025-11-26,2025-11,West,Sports,Online,51.96725531782594,4,207.87,2.8,0,72,Medium
ORD100592,2025-03-29,2025-03,East,Apparel,Online,52.860527852750884,2,105.72,3.0,0,191,Low
ORD100593,2025-12-24,2025-12,North,Apparel,In-Store,43.30129948985803,1,43.3,2.7,0,281,Medium
ORD100594,2025-04-28,2025-04,West,Beauty,Online,21.904735184054736,4,87.62,4.1,0,63,Low
ORD100595,2025-10-20,2025-10,South,Home & Kitchen,In-Store,101.69946059671761,2,203.4,4.7,0,547,Medium
ORD100596,2025-07-31,2025-07,North,Home & Kitchen,Online,58.90489733232954,4,235.62,4.1,0,370,High
ORD100597,2025-10-12,2025-10,South,Home & Kitchen,Online,93.64880687906944,1,93.65,7.3,1,541,High
ORD100598,2025-08-18,2025-08,North,Sports,Online,48.58227744236643,2,97.16,3.7,0,453,Low
ORD100599,2025-08-23,2025-08,North,Beauty,In-Store,30.08395984798814,4,120.34,1.6,0,245,Medium
ORD100600,2025-08-13,2025-08,East,Home & Kitchen,Online,104.10913287861635,1,104.11,5.4,1,553,Low
ORD100601,2025-10-12,2025-10,North,Apparel,Online,34.47421579709562,2,68.95,5.2,1,856,Low
ORD100602,2025-09-27,2025-09,West,Electronics,In-Store,256.74120449710364,4,1026.96,4.1,0,285,Medium
ORD100603,2025-02-19,2025-02,West,Home & Kitchen,In-Store,90.30664957922077,4,361.23,3.5,0,277,Low
ORD100604,2025-10-29,2025-10,East,Sports,In-Store,78.4362493469643,2,156.87,4.0,0,464,Low
ORD100605,2025-07-15,2025-07,East,Apparel,Online,36.9411484467081,1,36.94,3.7,0,723,Medium
ORD100606,2025-04-28,2025-04,East,Electronics,Online,277.16727571391397,1,277.17,1.5,0,478,Medium
ORD100607,2025-07-07,2025-07,West,Apparel,In-Store,45.67881769735183,3,137.04,4.5,0,748,Medium
ORD100608,2025-12-19,2025-12,South,Home & Kitchen,Online,80.00405909962174,4,320.02,6.3,1,67,Low
ORD100609,2025-11-10,2025-11,North,Sports,Online,57.19494273527474,3,171.58,5.4,1,89,Medium
ORD100610,2025-11-01,2025-11,South,Electronics,Online,213.37841851417133,3,640.14,4.3,0,366,Low
ORD100611,2025-06-18,2025-06,South,Home & Kitchen,Online,85.1177390798126,1,85.12,5.5,1,210,Low
ORD100612,2025-10-14,2025-10,North,Sports,In-Store,46.48559256278556,2,92.97,3.3,0,21,Low
ORD100613,2025-05-21,2025-05,East,Beauty,In-Store,29.926383267332113,1,29.93,3.4,0,194,Medium
ORD100614,2025-09-08,2025-09,North,Electronics,Online,254.4051071191665,3,763.22,3.8,0,244,Low
ORD100615,2025-08-22,2025-08,West,Beauty,In-Store,31.462039422204604,2,62.92,3.8,0,827,Low
ORD100616,2025-04-02,2025-04,North,Home & Kitchen,Online,65.28645025557887,1,65.29,4.0,0,704,High
ORD100617,2025-04-08,2025-04,North,Sports,Online,57.24817147524854,4,228.99,4.6,0,316,High
ORD100618,2025-01-23,2025-01,North,Electronics,Online,222.2160978615932,2,444.43,5.2,1,862,Medium
ORD100619,2025-02-21,2025-02,North,Home & Kitchen,In-Store,93.4569896194462,5,467.28,2.1,0,752,Medium
ORD100620,2025-06-08,2025-06,North,Home & Kitchen,Online,106.44291406209987,3,319.33,3.5,0,226,High
ORD100621,2025-06-24,2025-06,North,Apparel,Online,48.836828646516274,1,48.84,3.2,0,430,Medium
ORD100622,2025-03-02,2025-03,North,Apparel,In-Store,52.80559603569697,4,211.22,2.3,0,829,Low
ORD100623,2025-06-02,2025-06,North,Home & Kitchen,Online,60.322619024606645,4,241.29,1.8,0,412,Medium
ORD100624,2025-08-09,2025-08,South,Home & Kitchen,In-Store,109.4501536434652,5,547.25,4.5,0,334,High
ORD100625,2025-03-26,2025-03,South,Electronics,Online,202.54213831475053,4,810.17,5.8,1,813,Medium
ORD100626,2025-05-04,2025-05,South,Apparel,Online,42.66019011516953,2,85.32,5.0,0,594,Low
ORD100627,2025-05-15,2025-05,South,Electronics,In-Store,188.31778821879294,4,753.27,4.5,0,397,High
ORD100628,2025-07-04,2025-07,North,Beauty,Online,22.778071507076532,4,91.11,4.2,0,782,Medium
ORD100629,2025-05-14,2025-05,North,Beauty,Online,37.590982592978875,3,112.77,5.4,1,670,Low
ORD100630,2025-09-26,2025-09,North,Apparel,In-Store,39.075437573744445,4,156.3,2.5,0,313,High
ORD100631,2025-04-30,2025-04,East,Electronics,In-Store,197.5339112431782,5,987.67,1.9,0,382,Medium
ORD100632,2025-06-08,2025-06,West,Electronics,In-Store,181.99662659736597,4,727.99,3.7,0,43,Medium
ORD100633,2025-05-19,2025-05,West,Apparel,In-Store,62.208886329414725,3,186.63,6.1,1,92,High
ORD100634,2025-03-08,2025-03,South,Beauty,Online,37.40173074286329,3,112.21,3.8,0,858,Low
ORD100635,2025-09-08,2025-09,South,Home & Kitchen,Online,108.07438039891922,5,540.37,6.0,1,48,Medium
ORD100636,2025-03-27,2025-03,South,Electronics,Online,286.7053985262406,5,1433.53,6.6,1,753,Low
ORD100637,2025-04-19,2025-04,East,Electronics,Online,293.56970712997025,2,587.14,1.2,0,188,High
ORD100638,2025-10-17,2025-10,East,Electronics,In-Store,227.7712439847757,1,227.77,3.8,0,487,High
ORD100639,2025-12-13,2025-12,West,Sports,Online,49.162740368998215,5,245.81,5.2,1,650,Medium
ORD100640,2025-09-02,2025-09,West,Home & Kitchen,Online,74.30529872402248,2,148.61,4.2,0,892,Medium
ORD100641,2025-12-01,2025-12,South,Home & Kitchen,Online,72.3772849509754,5,361.89,4.4,0,336,Medium
ORD100642,2025-11-08,2025-11,East,Apparel,Online,54.08971588444272,1,54.09,3.3,0,832,Low
ORD100643,2025-06-25,2025-06,West,Beauty,Online,21.53912641245419,5,107.7,4.1,0,409,Low
ORD100644,2025-10-09,2025-10,South,Apparel,Online,35.974329769916274,4,143.9,4.8,0,780,Low
ORD100645,2025-04-30,2025-04,West,Sports,Online,70.68117505070416,2,141.36,3.9,0,92,Medium
ORD100646,2025-06-18,2025-06,North,Beauty,Online,23.59228942980927,1,23.59,3.3,0,241,Medium
ORD100647,2025-07-15,2025-07,West,Apparel,Online,33.0211932992676,5,165.11,5.9,1,561,Medium
ORD100648,2025-12-17,2025-12,East,Beauty,In-Store,23.293518456835006,1,23.29,1.8,0,635,Low
ORD100649,2025-11-06,2025-11,North,Electronics,Online,260.3638195686368,1,260.36,1.6,0,723,Medium
ORD100650,2025-06-28,2025-06,East,Home & Kitchen,Online,63.8022145266632,4,255.21,5.4,1,322,Low
ORD100651,2025-08-27,2025-08,North,Electronics,Online,176.5308716150181,4,706.12,3.5,0,562,High
ORD100652,2025-03-15,2025-03,East,Apparel,Online,38.75445619791162,1,38.75,3.5,0,559,High
ORD100653,2025-10-21,2025-10,East,Electronics,In-Store,269.6402484462645,2,539.28,3.2,0,886,Low
ORD100654,2025-07-21,2025-07,East,Electronics,In-Store,184.85434848815947,4,739.42,3.6,0,106,Medium
ORD100655,2025-07-14,2025-07,West,Electronics,In-Store,159.4478110955279,4,637.79,3.2,0,15,Low
ORD100656,2025-10-07,2025-10,North,Apparel,In-Store,60.034695700642125,2,120.07,3.6,0,517,Low
ORD100657,2025-08-20,2025-08,North,Home & Kitchen,Online,105.07383176029167,3,315.22,2.5,0,15,Medium
ORD100658,2025-01-27,2025-01,South,Apparel,Online,37.32179852823888,1,37.32,4.8,0,177,Medium
ORD100659,2025-04-16,2025-04,North,Apparel,Online,39.85829157786383,1,39.86,1.0,0,450,Low
ORD100660,2025-03-06,2025-03,South,Beauty,Online,24.959709000316458,5,124.8,6.6,1,241,Low
ORD100661,2025-09-26,2025-09,North,Beauty,Online,36.11022531819633,2,72.22,3.5,0,240,Low
ORD100662,2025-01-13,2025-01,South,Electronics,Online,192.5013681651417,5,962.51,6.0,1,312,Low
ORD100663,2025-03-15,2025-03,South,Apparel,Online,60.84066735742282,1,60.84,5.8,1,618,Low
ORD100664,2025-08-07,2025-08,West,Home & Kitchen,Online,102.34789736547984,5,511.74,5.2,1,329,Low
ORD100665,2025-09-11,2025-09,North,Sports,In-Store,66.71284735792628,3,200.14,3.0,0,714,High
ORD100666,2025-07-03,2025-07,West,Apparel,In-Store,31.781554078481967,5,158.91,4.3,0,143,Low
ORD100667,2025-11-11,2025-11,South,Sports,In-Store,79.1141150695,5,395.57,3.3,0,93,Low
ORD100668,2025-12-02,2025-12,South,Electronics,Online,266.07529356601333,2,532.15,3.8,0,150,Low
ORD100669,2025-02-18,2025-02,South,Apparel,Online,56.31908299104169,4,225.28,5.1,1,825,Low
ORD100670,2025-12-14,2025-12,South,Sports,In-Store,45.016658592023624,2,90.03,3.7,0,250,Medium
ORD100671,2025-08-13,2025-08,North,Home & Kitchen,In-Store,95.67936953223835,4,382.72,4.7,0,27,Low
ORD100672,2025-08-21,2025-08,South,Sports,Online,75.79275789221401,5,378.96,5.7,1,284,Low
ORD100673,2025-02-04,2025-02,North,Electronics,Online,301.3218448481864,5,1506.61,2.8,0,619,High
ORD100674,2025-08-15,2025-08,South,Electronics,Online,243.39245280849508,4,973.57,4.9,0,326,Medium
ORD100675,2025-09-22,2025-09,East,Electronics,In-Store,232.2384452078878,2,464.48,3.5,0,346,Low
ORD100676,2025-07-31,2025-07,South,Electronics,In-Store,219.5111056572144,1,219.51,4.4,0,78,Low
ORD100677,2025-01-31,2025-01,West,Electronics,Online,261.99830286855513,3,785.99,4.8,0,601,Medium
ORD100678,2025-07-10,2025-07,North,Home & Kitchen,Online,107.56599306401837,1,107.57,3.8,0,199,Medium
ORD100679,2025-12-08,2025-12,West,Home & Kitchen,Online,89.58628272809798,3,268.76,2.8,0,88,High
ORD100680,2025-09-22,2025-09,East,Home & Kitchen,Online,68.72788392446702,5,343.64,1.4,0,643,Low
ORD100681,2025-02-20,2025-02,West,Apparel,In-Store,32.05357943473906,1,32.05,3.4,0,843,Medium
ORD100682,2025-12-17,2025-12,West,Electronics,Online,249.34342021319924,5,1246.72,5.2,1,549,Low
ORD100683,2025-12-16,2025-12,North,Home & Kitchen,Online,104.41748172906696,3,313.25,3.3,0,843,Low
ORD100684,2025-03-03,2025-03,South,Electronics,Online,164.16019274630503,1,164.16,6.7,1,362,Medium
ORD100685,2025-10-20,2025-10,North,Beauty,In-Store,29.348995388188264,4,117.4,2.9,0,467,Medium
ORD100686,2025-05-29,2025-05,West,Electronics,Online,298.76722661645897,1,298.77,6.1,1,322,Low
ORD100687,2025-08-05,2025-08,East,Home & Kitchen,Online,84.0939117679811,4,336.38,5.4,1,459,Low
ORD100688,2025-06-12,2025-06,North,Beauty,In-Store,25.63382282556045,3,76.9,4.3,0,803,Medium
ORD100689,2025-10-13,2025-10,West,Home & Kitchen,In-Store,75.8047590590555,4,303.22,2.4,0,571,Low
ORD100690,2025-12-30,2025-12,North,Home & Kitchen,In-Store,78.85581570690915,2,157.71,3.0,0,25,Low
ORD100691,2025-10-18,2025-10,East,Home & Kitchen,In-Store,62.56821280734036,1,62.57,4.8,0,522,Low
ORD100692,2025-12-06,2025-12,East,Electronics,Online,255.76200555265532,2,511.52,4.3,0,340,Low
ORD100693,2025-12-12,2025-12,North,Home & Kitchen,In-Store,89.16120242917867,4,356.64,3.7,0,489,Medium
ORD100694,2025-02-02,2025-02,East,Beauty,In-Store,34.60218043517712,5,173.01,1.6,0,502,Low
ORD100695,2025-04-03,2025-04,West,Beauty,Online,33.82662294228395,2,67.65,6.8,1,530,Low
ORD100696,2025-09-21,2025-09,North,Apparel,In-Store,32.0251701510827,2,64.05,2.1,0,779,Medium
ORD100697,2025-08-04,2025-08,South,Apparel,Online,36.995579761339066,5,184.98,2.8,0,772,Low
ORD100698,2025-01-19,2025-01,North,Sports,Online,48.95402408172614,2,97.91,3.3,0,874,Medium
ORD100699,2025-02-04,2025-02,East,Home & Kitchen,Online,61.48528323268741,2,122.97,1.1,0,550,Low
ORD100700,2025-07-09,2025-07,North,Electronics,Online,267.2632690725345,5,1336.32,2.4,0,257,Medium
ORD100701,2025-08-13,2025-08,West,Electronics,In-Store,172.5011310296877,3,517.5,6.9,1,177,Medium
ORD100702,2025-03-03,2025-03,West,Electronics,Online,256.901887311353,3,770.71,4.0,0,764,Medium
ORD100703,2025-03-04,2025-03,North,Apparel,Online,37.119294754090774,3,111.36,2.0,0,822,Low
ORD100704,2025-02-17,2025-02,South,Electronics,Online,172.21976745018065,4,688.88,5.2,1,34,Medium
ORD100705,2025-07-26,2025-07,East,Electronics,Online,179.02962748687622,2,358.06,2.9,0,195,Medium
ORD100706,2025-01-03,2025-01,East,Electronics,Online,232.29413230685506,4,929.18,5.0,0,611,Low
ORD100707,2025-07-28,2025-07,South,Beauty,Online,34.55513270701287,2,69.11,4.1,0,149,Low
ORD100708,2025-06-23,2025-06,North,Electronics,In-Store,279.03642844887605,3,837.11,3.3,0,45,Low
ORD100709,2025-06-20,2025-06,North,Electronics,In-Store,173.7985796415531,1,173.8,1.6,0,897,Low
ORD100710,2025-09-05,2025-09,West,Apparel,Online,50.90988254265365,1,50.91,7.6,1,87,Low
ORD100711,2025-07-10,2025-07,South,Electronics,In-Store,273.1712983093321,3,819.51,5.1,1,192,High
ORD100712,2025-09-23,2025-09,West,Beauty,In-Store,27.56050860166557,1,27.56,3.6,0,890,High
ORD100713,2025-10-06,2025-10,South,Beauty,Online,22.67402716671619,5,113.37,4.8,0,90,Low
ORD100714,2025-12-02,2025-12,West,Apparel,Online,36.41229783659519,5,182.06,3.8,0,720,High
ORD100715,2025-10-19,2025-10,North,Apparel,Online,34.38409739815438,2,68.77,2.8,0,506,Medium
ORD100716,2025-07-08,2025-07,North,Apparel,In-Store,59.44717582721435,2,118.89,2.1,0,486,Low
ORD100717,2025-06-29,2025-06,West,Electronics,Online,212.0120569274761,3,636.04,6.5,1,744,High
ORD100718,2025-03-28,2025-03,West,Apparel,Online,47.98548106177726,2,95.97,3.8,0,20,Medium
ORD100719,2025-08-07,2025-08,South,Electronics,In-Store,272.37797537786446,5,1361.89,1.9,0,55,Medium
ORD100720,2025-02-20,2025-02,South,Electronics,Online,211.21075700659145,1,211.21,3.8,0,176,Low
ORD100721,2025-12-06,2025-12,South,Home & Kitchen,In-Store,92.3497486591463,3,277.05,5.6,1,441,Low
ORD100722,2025-11-05,2025-11,South,Electronics,Online,165.8086973956394,1,165.81,4.9,0,866,High
ORD100723,2025-02-13,2025-02,North,Electronics,In-Store,228.05946972556444,5,1140.3,2.8,0,62,Low
ORD100724,2025-10-14,2025-10,West,Apparel,Online,34.54034743436469,1,34.54,5.9,1,378,Low
ORD100725,2025-02-12,2025-02,North,Apparel,Online,39.32095043142718,3,117.96,2.8,0,386,Low
ORD100726,2025-09-21,2025-09,East,Electronics,In-Store,199.17448744970216,5,995.87,4.1,0,177,Low
ORD100727,2025-02-02,2025-02,North,Electronics,Online,264.5079057985898,3,793.52,2.9,0,310,Low
ORD100728,2025-06-28,2025-06,North,Electronics,In-Store,257.81204468854503,1,257.81,3.7,0,181,High
ORD100729,2025-08-29,2025-08,East,Electronics,In-Store,269.0503336953841,1,269.05,2.8,0,124,Low
ORD100730,2025-09-24,2025-09,South,Sports,Online,44.59371198396808,4,178.37,4.9,0,469,High
ORD100731,2025-06-02,2025-06,East,Beauty,Online,41.87219845563398,1,41.87,5.0,0,837,Medium
ORD100732,2025-12-03,2025-12,North,Apparel,In-Store,33.21423090435772,2,66.43,3.9,0,364,Low
ORD100733,2025-10-10,2025-10,West,Apparel,Online,57.51105543033335,4,230.04,4.3,0,571,Low
ORD100734,2025-03-18,2025-03,East,Sports,In-Store,73.0912952061825,2,146.18,2.7,0,603,Low
ORD100735,2025-09-02,2025-09,West,Home & Kitchen,Online,89.13866026754191,5,445.69,6.4,1,758,High
ORD100736,2025-09-24,2025-09,North,Electronics,In-Store,221.584003432328,4,886.34,3.7,0,742,Medium
ORD100737,2025-05-02,2025-05,South,Electronics,Online,270.5983824036081,1,270.6,4.7,0,815,Low
ORD100738,2025-09-27,2025-09,South,Apparel,In-Store,54.805520802968644,5,274.03,3.7,0,733,High
ORD100739,2025-11-24,2025-11,South,Home & Kitchen,Online,63.681986787429054,5,318.41,6.4,1,837,Medium
ORD100740,2025-10-26,2025-10,North,Electronics,Online,276.065400835974,2,552.13,3.8,0,869,Low
ORD100741,2025-10-06,2025-10,North,Apparel,In-Store,33.974545419201405,2,67.95,2.8,0,673,Medium
ORD100742,2025-08-20,2025-08,South,Apparel,In-Store,47.267203477048845,2,94.53,4.6,0,444,Medium
ORD100743,2025-04-09,2025-04,North,Electronics,Online,253.34260129134788,3,760.03,4.1,0,276,Medium
ORD100744,2025-10-18,2025-10,South,Apparel,In-Store,57.383199007319675,3,172.15,4.4,0,514,Low
ORD100745,2025-05-13,2025-05,North,Home & Kitchen,Online,81.934172213211,5,409.67,5.1,1,746,Low
ORD100746,2025-07-14,2025-07,North,Home & Kitchen,Online,69.26405234364813,4,277.06,5.2,1,678,Low
ORD100747,2025-04-25,2025-04,East,Electronics,Online,229.5615807803174,5,1147.81,4.6,0,468,Low
ORD100748,2025-04-25,2025-04,South,Electronics,Online,192.5320490073165,2,385.06,6.8,1,69,Low
ORD100749,2025-02-27,2025-02,South,Sports,Online,64.20646602115822,3,192.62,5.2,1,245,Medium
ORD100750,2025-12-17,2025-12,South,Apparel,Online,46.06900776785531,1,46.07,6.0,1,519,Low
ORD100751,2025-02-23,2025-02,East,Electronics,Online,274.1976904975607,2,548.4,5.2,1,347,Low
ORD100752,2025-02-01,2025-02,South,Electronics,In-Store,190.97387747014946,3,572.92,5.7,1,411,Medium
ORD100753,2025-12-08,2025-12,East,Sports,In-Store,50.39937773599426,1,50.4,4.4,0,271,Low
ORD100754,2025-07-22,2025-07,West,Sports,In-Store,61.91578426181231,5,309.58,4.6,0,69,Low
ORD100755,2025-06-09,2025-06,South,Beauty,Online,22.060591669007863,2,44.12,7.5,1,420,Medium
ORD100756,2025-09-27,2025-09,West,Home & Kitchen,In-Store,68.84307519238833,1,68.84,3.2,0,401,High
ORD100757,2025-05-20,2025-05,East,Apparel,Online,42.64170479691229,4,170.57,3.8,0,703,Low
ORD100758,2025-02-16,2025-02,North,Apparel,In-Store,46.860335945668666,1,46.86,2.7,0,101,High
ORD100759,2025-09-24,2025-09,South,Electronics,Online,195.49325352870605,2,390.99,4.8,0,436,High
ORD100760,2025-03-06,2025-03,East,Home & Kitchen,Online,87.39564370367076,1,87.4,1.6,0,768,Medium
ORD100761,2025-07-21,2025-07,West,Home & Kitchen,Online,105.1912213209296,4,420.76,6.1,1,241,High
ORD100762,2025-12-13,2025-12,South,Electronics,In-Store,237.73402904907073,5,1188.67,3.3,0,285,Low
ORD100763,2025-12-08,2025-12,North,Beauty,In-Store,27.02362995646507,1,27.02,3.2,0,79,Low
ORD100764,2025-05-12,2025-05,East,Apparel,In-Store,33.452400618072915,3,100.36,1.6,0,517,Medium
ORD100765,2025-10-12,2025-10,North,Electronics,In-Store,175.04661093124182,3,525.14,3.7,0,770,Low
ORD100766,2025-08-12,2025-08,East,Apparel,In-Store,49.178347109236505,4,196.71,2.4,0,433,Low
ORD100767,2025-06-24,2025-06,South,Beauty,Online,35.35788560019197,2,70.72,3.8,0,376,Low
ORD100768,2025-02-21,2025-02,East,Beauty,In-Store,22.04302681463548,3,66.13,3.5,0,674,Low
ORD100769,2025-05-18,2025-05,West,Apparel,Online,37.34481963597467,3,112.03,3.7,0,398,Low
ORD100770,2025-08-26,2025-08,East,Beauty,Online,27.70070668420798,1,27.7,3.3,0,359,Low
ORD100771,2025-12-27,2025-12,East,Beauty,Online,27.71523528649055,3,83.15,4.2,0,687,High
ORD100772,2025-01-02,2025-01,East,Sports,In-Store,82.25309459547437,3,246.76,4.3,0,256,Low
ORD100773,2025-09-19,2025-09,West,Beauty,In-Store,25.27918255679087,5,126.4,2.8,0,764,Medium
ORD100774,2025-11-05,2025-11,West,Apparel,Online,33.46939100859193,3,100.41,3.3,0,242,Low
ORD100775,2025-12-14,2025-12,North,Sports,Online,56.8266228311174,5,284.13,3.7,0,460,Low
ORD100776,2025-06-04,2025-06,East,Home & Kitchen,Online,63.52875037766204,2,127.06,4.6,0,225,High
ORD100777,2025-02-13,2025-02,North,Sports,In-Store,47.31644253570314,4,189.27,4.8,0,569,Low
ORD100778,2025-04-09,2025-04,West,Electronics,In-Store,216.74740181203777,5,1083.74,2.5,0,391,Low
ORD100779,2025-11-07,2025-11,East,Sports,Online,54.86842784849784,1,54.87,3.6,0,216,Medium
ORD100780,2025-11-17,2025-11,South,Beauty,Online,22.92626229926255,3,68.78,6.6,1,669,Low
ORD100781,2025-08-21,2025-08,North,Apparel,Online,50.535558026964644,5,252.68,6.1,1,841,Low
ORD100782,2025-02-14,2025-02,South,Beauty,Online,31.535695086427346,3,94.61,4.0,0,26,High
ORD100783,2025-02-14,2025-02,East,Apparel,Online,33.928639571966116,5,169.64,3.1,0,511,Low
ORD100784,2025-06-24,2025-06,North,Electronics,Online,286.86264899817826,3,860.59,4.2,0,646,Medium
ORD100785,2025-08-03,2025-08,North,Electronics,Online,197.8458109646992,5,989.23,3.0,0,647,Low
ORD100786,2025-01-12,2025-01,West,Sports,Online,82.37799296778152,4,329.51,3.6,0,199,Low
ORD100787,2025-09-08,2025-09,East,Home & Kitchen,In-Store,108.16616342315425,3,324.5,3.6,0,103,Low
ORD100788,2025-07-18,2025-07,North,Apparel,Online,45.17404372589071,2,90.35,5.6,1,462,Medium
ORD100789,2025-01-05,2025-01,North,Home & Kitchen,Online,68.79974866454675,1,68.8,2.1,0,573,Low
ORD100790,2025-02-04,2025-02,West,Apparel,In-Store,57.79786044470201,2,115.6,5.6,1,261,High
ORD100791,2025-06-15,2025-06,East,Apparel,In-Store,42.88050401110707,4,171.52,2.6,0,332,Medium
ORD100792,2025-09-21,2025-09,East,Beauty,Online,24.43456458809726,3,73.3,4.4,0,479,Medium
ORD100793,2025-10-29,2025-10,South,Home & Kitchen,Online,86.89003208586071,2,173.78,7.1,1,405,Low
ORD100794,2025-06-07,2025-06,North,Sports,In-Store,62.55490259345315,3,187.66,3.4,0,435,Medium
ORD100795,2025-04-18,2025-04,North,Home & Kitchen,Online,103.60100121358155,2,207.2,3.3,0,614,Medium
ORD100796,2025-12-20,2025-12,East,Beauty,In-Store,36.31490897662597,5,181.57,4.2,0,885,Low
ORD100797,2025-06-17,2025-06,North,Electronics,Online,288.92548097286004,2,577.85,3.5,0,716,High
ORD100798,2025-04-26,2025-04,North,Electronics,Online,267.1442485076556,3,801.43,4.3,0,8,Low
ORD100799,2025-06-11,2025-06,East,Electronics,Online,252.89494393976074,3,758.68,3.8,0,315,High
ORD100800,2025-01-05,2025-01,West,Home & Kitchen,In-Store,84.0099205275127,4,336.04,4.8,0,9,High
ORD100801,2025-04-21,2025-04,East,Home & Kitchen,Online,111.30298421180106,2,222.61,2.3,0,786,Low
ORD100802,2025-07-08,2025-07,South,Sports,Online,82.28492260800724,1,82.28,4.0,0,580,Low
ORD100803,2025-12-02,2025-12,South,Apparel,Online,58.238868918376106,4,232.96,3.5,0,197,Low
ORD100804,2025-09-27,2025-09,South,Electronics,In-Store,273.39915892297125,3,820.2,4.4,0,755,Low
ORD100805,2025-10-13,2025-10,South,Home & Kitchen,Online,88.34333480663668,4,353.37,3.4,0,507,Medium
ORD100806,2025-07-18,2025-07,South,Beauty,In-Store,26.45482057105034,3,79.36,3.7,0,47,Low
ORD100807,2025-02-10,2025-02,South,Apparel,In-Store,59.076329353270886,3,177.23,3.2,0,136,Medium
ORD100808,2025-05-23,2025-05,East,Electronics,Online,155.66568477135948,5,778.33,5.8,1,728,High
ORD100809,2025-12-30,2025-12,West,Apparel,In-Store,38.6643589540089,1,38.66,2.6,0,261,High
ORD100810,2025-01-17,2025-01,West,Apparel,In-Store,44.217572020160794,1,44.22,2.3,0,472,Low
ORD100811,2025-11-17,2025-11,North,Electronics,Online,244.26820190604704,5,1221.34,4.0,0,805,High
ORD100812,2025-09-07,2025-09,South,Apparel,Online,49.16769859135121,5,245.84,7.2,1,260,Low
ORD100813,2025-04-14,2025-04,North,Home & Kitchen,Online,65.84568627757594,3,197.54,3.6,0,11,Low
ORD100814,2025-10-11,2025-10,South,Apparel,Online,34.80114329412625,3,104.4,5.2,1,76,Low
ORD100815,2025-11-02,2025-11,North,Apparel,Online,38.503361218936305,3,115.51,5.2,1,824,Medium
ORD100816,2025-01-16,2025-01,North,Electronics,In-Store,207.70115349005846,5,1038.51,4.1,0,540,Low
ORD100817,2025-02-08,2025-02,East,Beauty,In-Store,21.295127446321807,3,63.89,3.8,0,296,Low
ORD100818,2025-08-31,2025-08,South,Apparel,Online,53.312358347320455,4,213.25,4.5,0,71,Low
ORD100819,2025-12-31,2025-12,West,Apparel,Online,39.303414225730975,2,78.61,5.0,0,626,High
ORD100820,2025-01-09,2025-01,North,Electronics,Online,208.1162832284478,2,416.23,2.1,0,36,Medium
ORD100821,2025-08-31,2025-08,North,Home & Kitchen,Online,74.75449467269837,4,299.02,3.0,0,83,Medium
ORD100822,2025-02-19,2025-02,South,Beauty,Online,31.748425818448954,2,63.5,6.9,1,534,Medium
ORD100823,2025-08-26,2025-08,North,Electronics,In-Store,286.40915720257004,1,286.41,4.6,0,577,Low
ORD100824,2025-08-16,2025-08,North,Electronics,In-Store,177.0060528398533,1,177.01,3.5,0,513,Low
ORD100825,2025-02-03,2025-02,West,Electronics,Online,206.47197543761555,5,1032.36,2.2,0,818,Low
ORD100826,2025-09-06,2025-09,North,Home & Kitchen,In-Store,94.75361323297987,2,189.51,1.6,0,242,Low
ORD100827,2025-11-24,2025-11,North,Beauty,Online,21.92885967888917,1,21.93,2.9,0,500,High
ORD100828,2025-11-12,2025-11,East,Apparel,In-Store,57.64432700761005,5,288.22,3.1,0,276,Low
ORD100829,2025-01-11,2025-01,South,Apparel,Online,61.79749192566893,5,308.99,3.7,0,326,Medium
ORD100830,2025-03-31,2025-03,East,Sports,Online,67.52076250844361,3,202.56,3.7,0,136,Medium
ORD100831,2025-03-29,2025-03,South,Sports,In-Store,82.17335158329028,4,328.69,6.6,1,714,High
ORD100832,2025-06-15,2025-06,West,Electronics,Online,217.61152173248914,4,870.45,5.0,0,633,Low
ORD100833,2025-02-22,2025-02,North,Electronics,Online,217.91488652089106,1,217.91,4.0,0,641,High
ORD100834,2025-11-08,2025-11,South,Apparel,Online,34.846840646523276,2,69.69,4.0,0,128,Medium
ORD100835,2025-10-11,2025-10,East,Sports,In-Store,43.48877126999033,3,130.47,1.3,0,106,Low
ORD100836,2025-10-23,2025-10,West,Home & Kitchen,In-Store,69.69224181553389,3,209.08,2.3,0,704,Medium
ORD100837,2025-03-14,2025-03,South,Home & Kitchen,Online,82.77520479766426,2,165.55,3.2,0,599,Low
ORD100838,2025-01-06,2025-01,East,Sports,Online,63.32266041624134,1,63.32,4.1,0,27,Medium
ORD100839,2025-11-29,2025-11,North,Electronics,In-Store,187.50660878818073,5,937.53,3.5,0,598,Medium
ORD100840,2025-04-16,2025-04,North,Apparel,Online,50.80337875183496,4,203.21,2.5,0,882,Medium
ORD100841,2025-08-28,2025-08,North,Electronics,Online,181.90570472511172,4,727.62,3.9,0,676,High
ORD100842,2025-11-28,2025-11,East,Beauty,In-Store,27.850433945651105,3,83.55,5.1,1,250,Medium
ORD100843,2025-01-14,2025-01,North,Home & Kitchen,Online,66.95973285060234,3,200.88,6.0,1,285,Low
ORD100844,2025-01-02,2025-01,East,Apparel,In-Store,53.44490339968933,3,160.33,4.2,0,677,Low
ORD100845,2025-01-02,2025-01,North,Electronics,Online,233.55216626623601,3,700.66,3.5,0,361,High
ORD100846,2025-02-27,2025-02,West,Sports,In-Store,72.91624616104986,4,291.66,4.7,0,663,Medium
ORD100847,2025-01-19,2025-01,West,Sports,Online,44.40442312284928,5,222.02,6.1,1,864,High
ORD100848,2025-10-27,2025-10,North,Home & Kitchen,Online,79.82027649316791,4,319.28,1.3,0,365,Low
ORD100849,2025-08-10,2025-08,North,Electronics,Online,302.91162116313876,4,1211.65,5.5,1,516,Low
ORD100850,2025-12-24,2025-12,North,Beauty,In-Store,22.126009808833633,1,22.13,2.3,0,441,High
ORD100851,2025-10-20,2025-10,West,Sports,In-Store,59.57190496723041,3,178.72,3.2,0,458,Medium
ORD100852,2025-12-18,2025-12,North,Home & Kitchen,In-Store,58.262300255914745,5,291.31,2.6,0,69,Low
ORD100853,2025-03-29,2025-03,South,Home & Kitchen,Online,64.2125859743648,2,128.43,5.6,1,888,Low
ORD100854,2025-04-16,2025-04,South,Beauty,Online,30.713055483034083,3,92.14,3.9,0,487,High
ORD100855,2025-11-07,2025-11,East,Beauty,In-Store,24.307781351365104,2,48.62,3.0,0,207,Medium
ORD100856,2025-03-31,2025-03,South,Home & Kitchen,In-Store,85.0503037979752,1,85.05,5.1,1,516,Low
ORD100857,2025-01-21,2025-01,South,Apparel,Online,60.56604800725719,4,242.26,5.5,1,358,Low
ORD100858,2025-09-02,2025-09,West,Apparel,In-Store,37.81283808321894,2,75.63,4.3,0,739,Low
ORD100859,2025-10-20,2025-10,North,Sports,Online,46.5018334079123,3,139.51,3.3,0,684,Low
ORD100860,2025-12-20,2025-12,West,Home & Kitchen,Online,102.21548747104532,3,306.65,5.3,1,344,Low
ORD100861,2025-12-05,2025-12,North,Electronics,In-Store,224.88155650171828,5,1124.41,4.3,0,642,Low
ORD100862,2025-02-13,2025-02,South,Electronics,Online,289.92210922199723,5,1449.61,6.4,1,30,Medium
ORD100863,2025-10-09,2025-10,West,Beauty,Online,27.42858918797313,3,82.29,5.0,0,870,Low
ORD100864,2025-11-05,2025-11,East,Beauty,Online,34.178172108928884,1,34.18,5.1,1,460,Medium
ORD100865,2025-09-12,2025-09,East,Beauty,In-Store,40.38958464033495,3,121.17,4.3,0,589,Low
ORD100866,2025-10-27,2025-10,North,Apparel,Online,36.908417682609034,5,184.54,6.9,1,580,Low
ORD100867,2025-11-02,2025-11,South,Sports,In-Store,75.63059949082694,3,226.89,6.0,1,282,Low
ORD100868,2025-06-12,2025-06,South,Sports,Online,68.52370349349533,3,205.57,5.1,1,621,Low
ORD100869,2025-01-15,2025-01,South,Apparel,Online,57.107822455752185,4,228.43,4.1,0,358,Medium
ORD100870,2025-06-16,2025-06,South,Electronics,Online,180.28677512277864,3,540.86,4.9,0,612,High
ORD100871,2025-03-15,2025-03,South,Beauty,Online,30.11581587707726,3,90.35,4.8,0,81,Medium
ORD100872,2025-02-11,2025-02,South,Electronics,Online,173.8409331854507,3,521.52,5.8,1,132,Medium
ORD100873,2025-02-15,2025-02,North,Home & Kitchen,Online,109.76459804718041,5,548.82,2.9,0,831,High
ORD100874,2025-09-12,2025-09,South,Home & Kitchen,In-Store,59.510736485767524,3,178.53,5.9,1,662,Medium
ORD100875,2025-07-04,2025-07,North,Home & Kitchen,Online,59.66707028768574,2,119.33,2.0,0,116,Medium
ORD100876,2025-07-17,2025-07,West,Electronics,In-Store,292.31605359598217,3,876.95,1.8,0,193,Medium
ORD100877,2025-09-29,2025-09,East,Sports,In-Store,54.632010221782345,4,218.53,3.1,0,491,Low
ORD100878,2025-07-20,2025-07,North,Electronics,Online,245.94108505846114,5,1229.71,2.7,0,6,Low
ORD100879,2025-08-18,2025-08,East,Sports,Online,54.07397221410688,5,270.37,2.5,0,361,Medium
ORD100880,2025-02-01,2025-02,West,Electronics,Online,253.90878984663982,4,1015.64,3.7,0,294,Medium
ORD100881,2025-11-07,2025-11,North,Home & Kitchen,Online,66.77828467912151,4,267.11,2.8,0,121,Low
ORD100882,2025-06-13,2025-06,North,Sports,Online,61.27251723816171,3,183.82,3.7,0,270,High
ORD100883,2025-02-26,2025-02,North,Electronics,Online,236.15779491618073,2,472.32,3.0,0,264,Low
ORD100884,2025-10-24,2025-10,North,Electronics,Online,205.38100510421802,3,616.14,3.1,0,61,Medium
ORD100885,2025-09-26,2025-09,East,Sports,Online,52.571425673295984,4,210.29,4.0,0,570,High
ORD100886,2025-01-20,2025-01,West,Electronics,In-Store,175.59182682136736,3,526.78,5.0,0,245,Low
ORD100887,2025-03-12,2025-03,North,Electronics,Online,262.74622779141964,2,525.49,5.5,1,29,High
ORD100888,2025-01-06,2025-01,East,Apparel,Online,36.80090555382433,1,36.8,4.2,0,20,Medium
ORD100889,2025-04-09,2025-04,North,Beauty,Online,27.134654214951034,1,27.13,4.0,0,869,Medium
ORD100890,2025-02-06,2025-02,East,Home & Kitchen,In-Store,74.86689081852498,3,224.6,3.1,0,107,High
ORD100891,2025-09-17,2025-09,East,Apparel,Online,45.8125541048596,4,183.25,4.6,0,818,Medium
ORD100892,2025-07-10,2025-07,South,Beauty,Online,35.753942690551405,4,143.02,5.7,1,150,Low
ORD100893,2025-12-24,2025-12,North,Apparel,In-Store,44.980271741591714,5,224.9,4.6,0,77,Medium
ORD100894,2025-10-01,2025-10,East,Apparel,Online,58.93944907521772,4,235.76,1.7,0,491,Low
ORD100895,2025-08-12,2025-08,West,Apparel,Online,52.913247868535805,1,52.91,4.2,0,781,Low
ORD100896,2025-07-05,2025-07,North,Apparel,Online,57.912331558100675,5,289.56,4.1,0,65,Low
ORD100897,2025-01-20,2025-01,North,Apparel,In-Store,54.065149781924625,5,270.33,3.0,0,296,Low
ORD100898,2025-01-26,2025-01,North,Home & Kitchen,In-Store,64.32338079087758,5,321.62,1.9,0,677,Medium
ORD100899,2025-08-13,2025-08,East,Electronics,In-Store,304.60080448706987,3,913.8,1.7,0,61,High
ORD100900,2025-01-02,2025-01,East,Home & Kitchen,Online,100.04883088302847,2,200.1,5.0,0,153,High
ORD100901,2025-01-16,2025-01,East,Electronics,Online,242.19915236963791,5,1211.0,3.1,0,276,Low
ORD100902,2025-03-21,2025-03,East,Apparel,Online,36.70477463325097,1,36.7,1.9,0,726,Medium
ORD100903,2025-11-19,2025-11,West,Electronics,In-Store,180.59281988116206,4,722.37,4.8,0,728,Medium
ORD100904,2025-06-17,2025-06,West,Home & Kitchen,In-Store,90.40254579216793,5,452.01,4.4,0,638,Low
ORD100905,2025-09-16,2025-09,North,Sports,In-Store,59.48027958608448,5,297.4,2.9,0,599,Medium
ORD100906,2025-05-31,2025-05,East,Apparel,Online,52.78957426622709,3,158.37,2.9,0,24,Low
ORD100907,2025-03-05,2025-03,North,Electronics,In-Store,211.3538696345542,5,1056.77,2.9,0,215,High
ORD100908,2025-05-16,2025-05,South,Electronics,In-Store,232.9781564043156,5,1164.89,6.0,1,829,Low
ORD100909,2025-02-03,2025-02,West,Sports,In-Store,49.8942375944864,5,249.47,1.9,0,647,Medium
ORD100910,2025-10-09,2025-10,East,Electronics,In-Store,177.9009762212493,2,355.8,1.4,0,217,High
ORD100911,2025-03-08,2025-03,West,Sports,Online,45.177080075336605,4,180.71,3.7,0,637,Medium
ORD100912,2025-05-18,2025-05,South,Apparel,In-Store,57.3186381043044,5,286.59,4.5,0,652,Low
ORD100913,2025-12-24,2025-12,South,Electronics,Online,239.5294827432678,2,479.06,4.6,0,668,Low
ORD100914,2025-08-05,2025-08,South,Sports,Online,81.77992367607982,2,163.56,6.0,1,882,High
ORD100915,2025-06-17,2025-06,North,Apparel,In-Store,55.10881786281883,2,110.22,4.3,0,487,Low
ORD100916,2025-07-18,2025-07,North,Electronics,In-Store,272.38952667842204,2,544.78,3.3,0,54,Low
ORD100917,2025-10-14,2025-10,South,Beauty,In-Store,31.690227118137322,4,126.76,5.2,1,737,High
ORD100918,2025-04-03,2025-04,North,Electronics,Online,279.5799062249502,5,1397.9,4.0,0,14,Medium
ORD100919,2025-08-21,2025-08,West,Apparel,Online,61.17499852738522,1,61.17,4.5,0,577,Medium
ORD100920,2025-11-15,2025-11,North,Apparel,Online,54.23481794856628,2,108.47,2.1,0,716,Low
ORD100921,2025-07-28,2025-07,North,Apparel,In-Store,34.82605163794054,5,174.13,1.8,0,113,Low
ORD100922,2025-06-12,2025-06,East,Sports,In-Store,69.34283408864725,3,208.03,1.7,0,717,Medium
ORD100923,2025-02-22,2025-02,North,Electronics,In-Store,172.54671468512814,2,345.09,2.8,0,729,Low
ORD100924,2025-04-01,2025-04,West,Beauty,Online,22.621670870792023,4,90.49,4.8,0,588,Low
ORD100925,2025-12-12,2025-12,East,Home & Kitchen,Online,94.80242268649252,5,474.01,2.3,0,292,Low
ORD100926,2025-07-17,2025-07,North,Beauty,In-Store,38.53049407040481,2,77.06,3.1,0,182,Medium
ORD100927,2025-04-20,2025-04,East,Sports,Online,48.671342610633396,3,146.01,2.9,0,634,Low
ORD100928,2025-06-02,2025-06,East,Beauty,In-Store,22.55712076728694,4,90.23,2.0,0,142,High
ORD100929,2025-07-30,2025-07,East,Home & Kitchen,Online,105.64528207475445,5,528.23,3.2,0,607,Low
ORD100930,2025-07-16,2025-07,West,Apparel,Online,35.66459411521237,3,106.99,3.2,0,153,Low
ORD100931,2025-09-13,2025-09,East,Apparel,Online,32.60521195292772,5,163.03,4.7,0,302,High
ORD100932,2025-04-04,2025-04,East,Home & Kitchen,In-Store,96.37904465092336,4,385.52,3.1,0,456,High
ORD100933,2025-08-25,2025-08,South,Apparel,In-Store,58.2030399540033,3,174.61,5.5,1,146,Medium
ORD100934,2025-06-11,2025-06,East,Sports,In-Store,63.6078803414975,3,190.82,2.8,0,715,High
ORD100935,2025-12-10,2025-12,West,Electronics,In-Store,237.14848759044332,4,948.59,3.3,0,625,Low
ORD100936,2025-02-27,2025-02,East,Sports,Online,56.1481415345499,1,56.15,6.2,1,15,Low
ORD100937,2025-02-24,2025-02,East,Electronics,In-Store,190.7233326253998,2,381.45,1.4,0,764,Low
ORD100938,2025-06-18,2025-06,South,Beauty,In-Store,36.85987347368731,2,73.72,6.0,1,645,Low
ORD100939,2025-07-05,2025-07,East,Electronics,Online,284.7897988506405,5,1423.95,6.0,1,754,Medium
ORD100940,2025-09-10,2025-09,West,Electronics,In-Store,203.47169275744028,5,1017.36,4.7,0,541,Medium
ORD100941,2025-05-28,2025-05,North,Sports,Online,53.500405764777355,5,267.5,3.3,0,564,Low
ORD100942,2025-11-30,2025-11,North,Sports,Online,53.2472522208921,1,53.25,5.4,1,345,Low
ORD100943,2025-06-23,2025-06,South,Sports,Online,44.125007556938954,2,88.25,4.8,0,205,High
ORD100944,2025-02-17,2025-02,South,Beauty,In-Store,26.902575521648,2,53.81,3.7,0,212,Medium
ORD100945,2025-02-13,2025-02,East,Electronics,Online,157.95024121322678,1,157.95,3.5,0,285,Low
ORD100946,2025-12-22,2025-12,North,Sports,Online,75.11312014367165,2,150.23,3.0,0,262,Low
ORD100947,2025-02-18,2025-02,South,Apparel,In-Store,39.56169511447524,3,118.69,3.4,0,679,Low
ORD100948,2025-12-12,2025-12,East,Home & Kitchen,Online,94.64869060367636,5,473.24,5.3,1,472,Low
ORD100949,2025-04-12,2025-04,East,Apparel,In-Store,48.61043414452752,1,48.61,2.4,0,370,Low
ORD100950,2025-02-04,2025-02,East,Electronics,In-Store,282.96939901648864,5,1414.85,3.3,0,653,Low
ORD100951,2025-04-22,2025-04,East,Home & Kitchen,Online,109.78120874319319,5,548.91,2.3,0,659,Low
ORD100952,2025-08-13,2025-08,East,Sports,Online,57.42624779342493,1,57.43,4.0,0,841,Low
ORD100953,2025-06-06,2025-06,East,Electronics,In-Store,167.60448626300413,2,335.21,1.9,0,279,Low
ORD100954,2025-10-14,2025-10,East,Beauty,Online,36.74256105210438,3,110.23,2.6,0,219,Low
ORD100955,2025-08-12,2025-08,South,Home & Kitchen,Online,57.19293026715427,5,285.96,5.1,1,6,Low
ORD100956,2025-05-27,2025-05,East,Electronics,In-Store,188.33635351088193,4,753.35,4.6,0,144,High
ORD100957,2025-08-20,2025-08,North,Home & Kitchen,In-Store,58.98203743449575,5,294.91,3.5,0,543,Medium
ORD100958,2025-12-21,2025-12,North,Electronics,In-Store,292.31484922945157,2,584.63,3.6,0,728,Low
ORD100959,2025-05-31,2025-05,South,Electronics,Online,154.8157505820421,5,774.08,5.0,0,541,Low
ORD100960,2025-02-26,2025-02,West,Home & Kitchen,In-Store,83.59356124085298,5,417.97,3.4,0,892,Medium
ORD100961,2025-05-30,2025-05,East,Electronics,In-Store,219.29586558248295,3,657.89,4.2,0,565,Low
ORD100962,2025-11-03,2025-11,North,Electronics,In-Store,254.52267834041345,1,254.52,2.3,0,794,Medium
ORD100963,2025-03-21,2025-03,East,Sports,In-Store,54.16925171990849,2,108.34,4.3,0,242,High
ORD100964,2025-12-13,2025-12,North,Electronics,In-Store,288.5490916722966,1,288.55,4.5,0,292,Low
ORD100965,2025-08-03,2025-08,East,Sports,Online,72.8425211464185,5,364.21,3.0,0,730,Low
ORD100966,2025-08-08,2025-08,West,Sports,Online,60.15636589167378,2,120.31,3.7,0,595,Low
ORD100967,2025-04-26,2025-04,East,Electronics,Online,209.13604242493136,4,836.54,3.3,0,439,Medium
ORD100968,2025-12-02,2025-12,East,Home & Kitchen,Online,101.68974185986472,2,203.38,2.2,0,860,Low
ORD100969,2025-01-14,2025-01,South,Electronics,Online,270.58728597450863,5,1352.94,4.6,0,686,Medium
ORD100970,2025-04-20,2025-04,South,Home & Kitchen,Online,78.34400324934666,4,313.38,6.8,1,266,Low
ORD100971,2025-06-02,2025-06,West,Electronics,In-Store,206.57126684195956,2,413.14,2.5,0,550,Medium
ORD100972,2025-06-24,2025-06,East,Beauty,Online,21.816647782913385,3,65.45,5.6,1,357,Medium
ORD100973,2025-06-23,2025-06,South,Electronics,Online,166.58291579778242,1,166.58,4.7,0,375,Low
ORD100974,2025-02-23,2025-02,South,Home & Kitchen,Online,59.01943351103714,1,59.02,7.7,1,724,High
ORD100975,2025-03-24,2025-03,North,Electronics,Online,157.75998489759613,5,788.8,2.9,0,611,Medium
ORD100976,2025-02-04,2025-02,North,Electronics,In-Store,177.54234684968023,5,887.71,2.8,0,12,Low
ORD100977,2025-07-28,2025-07,North,Apparel,Online,58.49996725693811,5,292.5,2.6,0,517,High
ORD100978,2025-05-09,2025-05,South,Home & Kitchen,Online,100.69692140232844,4,402.79,4.4,0,582,Medium
ORD100979,2025-07-26,2025-07,West,Beauty,In-Store,38.75705080439214,2,77.51,5.4,1,460,Low
ORD100980,2025-08-04,2025-08,South,Electronics,Online,250.06525565952265,1,250.07,5.8,1,270,Medium
ORD100981,2025-09-14,2025-09,North,Electronics,Online,250.10571759106315,4,1000.42,4.9,0,584,Medium
ORD100982,2025-07-19,2025-07,North,Apparel,In-Store,35.40385001642002,2,70.81,1.4,0,852,Medium
ORD100983,2025-08-25,2025-08,South,Apparel,Online,53.51740863973518,1,53.52,6.0,1,78,High
ORD100984,2025-08-03,2025-08,West,Beauty,In-Store,26.88055462827993,1,26.88,2.6,0,543,Low
ORD100985,2025-08-27,2025-08,South,Beauty,In-Store,31.904319925510222,3,95.71,2.9,0,819,Low
ORD100986,2025-08-14,2025-08,East,Beauty,In-Store,41.049174679818,5,205.25,3.6,0,361,Low
ORD100987,2025-04-26,2025-04,West,Electronics,Online,288.0747707250378,2,576.15,4.8,0,302,Medium
ORD100988,2025-03-31,2025-03,North,Apparel,In-Store,38.84559547981745,5,194.23,3.1,0,223,Low
ORD100989,2025-10-15,2025-10,East,Sports,In-Store,72.93932585941232,2,145.88,4.2,0,202,Low
ORD100990,2025-05-06,2025-05,West,Apparel,Online,34.778858623715145,4,139.12,5.5,1,352,Low
ORD100991,2025-07-20,2025-07,South,Home & Kitchen,In-Store,57.497579201665815,2,115.0,6.3,1,694,Medium
ORD100992,2025-03-13,2025-03,North,Electronics,Online,158.33883831640645,4,633.36,2.3,0,164,Low
ORD100993,2025-06-07,2025-06,West,Apparel,In-Store,36.862764252867386,2,73.73,5.6,1,208,Low
ORD100994,2025-07-13,2025-07,West,Beauty,Online,35.59391644396965,4,142.38,6.8,1,898,Low
ORD100995,2025-08-17,2025-08,South,Electronics,Online,209.94910759253486,3,629.85,4.8,0,896,Low
ORD100996,2025-07-12,2025-07,East,Beauty,Online,21.334791218300527,1,21.33,2.0,0,204,Low
ORD100997,2025-05-12,2025-05,North,Apparel,In-Store,62.622712888370515,2,125.25,1.3,0,379,Low
ORD100998,2025-12-18,2025-12,West,Electronics,Online,236.14027409772692,2,472.28,3.9,0,363,Medium
ORD100999,2025-07-07,2025-07,South,Electronics,Online,214.65755312714288,3,643.97,7.6,1,267,Low
ORD101000,2025-10-23,2025-10,North,Electronics,Online,233.90288383752005,2,467.81,3.7,0,138,Low
ORD101001,2025-09-26,2025-09,East,Home & Kitchen,In-Store,85.11837095207879,3,255.36,2.6,0,56,Medium
ORD101002,2025-07-23,2025-07,West,Electronics,Online,226.41643287232102,5,1132.08,3.7,0,552,Low
ORD101003,2025-11-20,2025-11,West,Home & Kitchen,Online,90.32513865003835,4,361.3,2.9,0,38,Low
ORD101004,2025-02-16,2025-02,North,Beauty,In-Store,39.59815901723443,2,79.2,4.0,0,559,Low
ORD101005,2025-12-03,2025-12,North,Apparel,Online,41.00398130042822,4,164.02,3.6,0,86,Low
ORD101006,2025-11-07,2025-11,West,Electronics,Online,228.99316791827815,5,1144.97,7.0,1,139,Low
ORD101007,2025-07-03,2025-07,West,Apparel,Online,31.614785880198212,2,63.23,5.3,1,5,High
ORD101008,2025-09-25,2025-09,South,Sports,In-Store,78.1121998153645,2,156.22,5.5,1,358,Low
ORD101009,2025-07-09,2025-07,East,Home & Kitchen,In-Store,73.1306177791345,1,73.13,3.0,0,295,Medium
ORD101010,2025-04-09,2025-04,South,Electronics,Online,195.7797223425688,5,978.9,3.9,0,299,High
ORD101011,2025-10-19,2025-10,South,Home & Kitchen,Online,111.86208147581794,5,559.31,4.2,0,280,Low
ORD101012,2025-03-31,2025-03,North,Apparel,Online,49.90837757047341,3,149.73,2.1,0,844,Medium
ORD101013,2025-04-25,2025-04,North,Apparel,In-Store,35.37586225344119,5,176.88,4.1,0,387,Low
ORD101014,2025-07-09,2025-07,North,Electronics,Online,194.8908453636099,4,779.56,3.2,0,728,Medium
ORD101015,2025-11-02,2025-11,West,Beauty,Online,28.417758353592536,5,142.09,5.6,1,210,High
ORD101016,2025-05-21,2025-05,North,Electronics,In-Store,305.85324737208066,5,1529.27,3.2,0,435,Low
ORD101017,2025-06-30,2025-06,North,Electronics,Online,220.3157383988881,5,1101.58,3.3,0,57,High
ORD101018,2025-01-16,2025-01,South,Electronics,Online,189.44063419709258,2,378.88,3.8,0,233,Low
ORD101019,2025-02-12,2025-02,North,Home & Kitchen,Online,87.90493417511776,4,351.62,4.1,0,64,Medium
ORD101020,2025-01-21,2025-01,North,Apparel,Online,44.24992922879583,1,44.25,3.4,0,19,Low
ORD101021,2025-01-27,2025-01,East,Electronics,Online,162.46389977384806,5,812.32,5.1,1,164,Low
ORD101022,2025-11-14,2025-11,South,Apparel,In-Store,58.618967792311246,2,117.24,3.6,0,143,Low
ORD101023,2025-11-04,2025-11,East,Home & Kitchen,Online,56.87850152786502,3,170.64,4.7,0,285,High
ORD101024,2025-10-27,2025-10,West,Apparel,Online,59.802234525982506,3,179.41,6.5,1,669,Medium
ORD101025,2025-01-21,2025-01,North,Beauty,In-Store,37.629032775637846,4,150.52,3.3,0,134,High
ORD101026,2025-01-29,2025-01,West,Apparel,In-Store,33.888431119485944,4,135.55,4.7,0,549,Low
ORD101027,2025-04-13,2025-04,West,Electronics,In-Store,265.4361059832103,5,1327.18,4.5,0,329,Low
ORD101028,2025-07-26,2025-07,West,Beauty,In-Store,37.1897753249257,4,148.76,6.1,1,363,Low
ORD101029,2025-05-02,2025-05,East,Sports,Online,67.29689708400474,4,269.19,4.4,0,830,Low
ORD101030,2025-06-27,2025-06,East,Apparel,In-Store,49.69663020491788,3,149.09,4.1,0,418,Low
ORD101031,2025-03-05,2025-03,East,Sports,Online,44.08685510241491,3,132.26,4.0,0,236,High
ORD101032,2025-09-24,2025-09,East,Home & Kitchen,Online,59.331796822075816,5,296.66,3.1,0,215,High
ORD101033,2025-04-25,2025-04,North,Apparel,In-Store,54.40959246982445,2,108.82,1.6,0,152,Low
ORD101034,2025-01-25,2025-01,West,Sports,In-Store,46.43373751459421,4,185.73,5.3,1,722,Low
ORD101035,2025-09-29,2025-09,East,Sports,Online,52.15745222967205,2,104.31,2.8,0,598,Medium
ORD101036,2025-11-26,2025-11,East,Apparel,Online,47.213352705435796,3,141.64,4.9,0,241,Medium
ORD101037,2025-01-06,2025-01,South,Home & Kitchen,In-Store,65.19316572231017,2,130.39,5.0,0,442,Medium
ORD101038,2025-06-09,2025-06,North,Apparel,Online,56.379946157325804,2,112.76,4.8,0,455,Low
ORD101039,2025-10-29,2025-10,South,Electronics,Online,278.3362156619796,5,1391.68,4.6,0,43,Low
ORD101040,2025-09-15,2025-09,South,Beauty,Online,38.68500743647873,4,154.74,4.3,0,817,Low
ORD101041,2025-11-09,2025-11,South,Home & Kitchen,Online,58.77581476338348,4,235.1,5.7,1,709,High
ORD101042,2025-06-01,2025-06,South,Home & Kitchen,Online,79.96089702908296,1,79.96,4.8,0,482,Medium
ORD101043,2025-05-16,2025-05,North,Home & Kitchen,In-Store,103.42738967200279,2,206.85,1.5,0,644,High
ORD101044,2025-09-16,2025-09,South,Home & Kitchen,Online,76.34028585717513,2,152.68,7.5,1,99,Low
ORD101045,2025-02-26,2025-02,South,Apparel,Online,53.418341917175205,4,213.67,4.3,0,879,Low
ORD101046,2025-03-29,2025-03,West,Beauty,In-Store,33.3741639879902,5,166.87,2.6,0,576,Low
ORD101047,2025-08-08,2025-08,North,Home & Kitchen,Online,75.443682535602,2,150.89,3.4,0,844,High
ORD101048,2025-09-01,2025-09,South,Home & Kitchen,In-Store,71.47867042906373,2,142.96,6.0,1,777,Low
ORD101049,2025-02-13,2025-02,North,Apparel,In-Store,52.061407401131305,3,156.18,1.0,0,526,Medium
ORD101050,2025-07-05,2025-07,South,Apparel,Online,35.70916031559125,5,178.55,6.6,1,260,Low
ORD101051,2025-05-14,2025-05,South,Electronics,In-Store,286.4588679395148,2,572.92,3.4,0,617,Low
ORD101052,2025-07-03,2025-07,East,Apparel,In-Store,49.65796839404216,2,99.32,3.6,0,461,Low
ORD101053,2025-12-16,2025-12,West,Electronics,In-Store,171.17153978937924,3,513.51,3.0,0,369,Low
ORD101054,2025-01-28,2025-01,North,Home & Kitchen,In-Store,95.39754813082835,5,476.99,5.4,1,640,Medium
ORD101055,2025-12-30,2025-12,East,Beauty,Online,30.0533635475308,4,120.21,4.1,0,799,High
ORD101056,2025-06-14,2025-06,North,Apparel,In-Store,37.92856458394003,3,113.79,2.2,0,155,Medium
ORD101057,2025-10-09,2025-10,North,Apparel,In-Store,61.77368272713328,4,247.09,2.6,0,497,Low
ORD101058,2025-06-04,2025-06,South,Home & Kitchen,Online,96.30027596080782,1,96.3,5.3,1,700,Medium
ORD101059,2025-04-24,2025-04,North,Electronics,In-Store,245.32101799251137,4,981.28,3.2,0,293,Low
ORD101060,2025-10-09,2025-10,East,Beauty,Online,38.82621080224659,1,38.83,4.5,0,308,Medium
ORD101061,2025-09-08,2025-09,East,Apparel,Online,48.63189838128781,2,97.26,4.0,0,9,Medium
ORD101062,2025-02-22,2025-02,East,Electronics,In-Store,221.98647429926717,2,443.97,1.6,0,291,Low
ORD101063,2025-09-15,2025-09,South,Electronics,Online,183.17481641854906,4,732.7,4.8,0,528,Low
ORD101064,2025-10-02,2025-10,East,Beauty,Online,24.22119892748175,2,48.44,4.7,0,874,Low
ORD101065,2025-05-22,2025-05,South,Electronics,Online,220.52327472126458,2,441.05,4.4,0,473,Low
ORD101066,2025-12-04,2025-12,North,Home & Kitchen,In-Store,81.53457642554088,5,407.67,3.8,0,262,High
ORD101067,2025-08-22,2025-08,North,Electronics,Online,266.93012580553193,3,800.79,3.7,0,730,Medium
ORD101068,2025-05-02,2025-05,East,Electronics,In-Store,222.08109154567896,4,888.32,3.0,0,169,Low
ORD101069,2025-01-04,2025-01,West,Beauty,In-Store,33.45634321187377,3,100.37,5.2,1,169,Low
ORD101070,2025-09-04,2025-09,North,Electronics,In-Store,282.20785270774184,4,1128.83,1.0,0,469,Medium
ORD101071,2025-03-18,2025-03,East,Electronics,In-Store,306.97354310862346,4,1227.89,2.5,0,734,Low
ORD101072,2025-10-04,2025-10,East,Home & Kitchen,In-Store,74.0614176484718,4,296.25,4.8,0,191,Low
ORD101073,2025-07-11,2025-07,West,Beauty,Online,39.94104373829573,5,199.71,6.7,1,14,Medium
ORD101074,2025-06-20,2025-06,South,Apparel,In-Store,56.89060246338836,4,227.56,7.2,1,651,Low
ORD101075,2025-03-01,2025-03,East,Electronics,Online,164.47303030921117,2,328.95,4.1,0,528,Low
ORD101076,2025-09-17,2025-09,East,Beauty,Online,28.017337547931714,1,28.02,4.5,0,617,Low
ORD101077,2025-03-02,2025-03,West,Home & Kitchen,Online,68.26640575072547,5,341.33,5.5,1,357,Low
ORD101078,2025-06-02,2025-06,North,Beauty,In-Store,34.95206972088295,2,69.9,4.5,0,107,High
ORD101079,2025-11-02,2025-11,West,Sports,Online,65.3225637211429,2,130.65,4.9,0,299,Medium
ORD101080,2025-12-02,2025-12,North,Home & Kitchen,Online,83.711658945015,1,83.71,4.8,0,423,High
ORD101081,2025-12-28,2025-12,West,Apparel,Online,55.552258559938686,3,166.66,5.1,1,390,High
ORD101082,2025-12-16,2025-12,North,Apparel,Online,41.999223918077476,3,126.0,4.3,0,800,Low
ORD101083,2025-07-22,2025-07,North,Sports,Online,58.07559641323715,5,290.38,2.6,0,202,Low
ORD101084,2025-03-15,2025-03,North,Sports,In-Store,78.35662582546887,4,313.43,2.6,0,281,Medium
ORD101085,2025-11-03,2025-11,South,Beauty,Online,41.416378694460136,4,165.67,4.6,0,165,Low
ORD101086,2025-10-20,2025-10,South,Home & Kitchen,Online,99.47601108299861,3,298.43,3.8,0,514,High
ORD101087,2025-12-28,2025-12,North,Apparel,Online,38.33773570548262,5,191.69,1.7,0,724,Low
ORD101088,2025-08-26,2025-08,South,Apparel,Online,35.048526413161184,5,175.24,4.7,0,794,Low
ORD101089,2025-02-21,2025-02,South,Home & Kitchen,In-Store,67.7154882748849,5,338.58,4.2,0,205,Medium
ORD101090,2025-07-03,2025-07,East,Apparel,Online,44.816982998221235,2,89.63,4.1,0,387,High
ORD101091,2025-06-13,2025-06,West,Sports,Online,51.941275165400796,2,103.88,5.2,1,663,Medium
ORD101092,2025-11-04,2025-11,East,Home & Kitchen,In-Store,106.45830429203265,1,106.46,3.5,0,42,Medium
ORD101093,2025-05-24,2025-05,North,Electronics,Online,257.2913268721858,5,1286.46,3.4,0,640,Low
ORD101094,2025-04-30,2025-04,North,Home & Kitchen,Online,79.33683770784879,4,317.35,2.6,0,121,Medium
ORD101095,2025-01-30,2025-01,West,Home & Kitchen,In-Store,71.3334570402474,5,356.67,4.9,0,31,Medium
ORD101096,2025-11-01,2025-11,North,Beauty,In-Store,28.993881107960252,4,115.98,2.9,0,102,Low
ORD101097,2025-10-03,2025-10,South,Apparel,In-Store,46.495593754051995,3,139.49,4.0,0,793,Medium
ORD101098,2025-01-16,2025-01,West,Home & Kitchen,Online,95.9740517218408,1,95.97,4.3,0,613,Low
ORD101099,2025-06-08,2025-06,West,Apparel,Online,34.31425908420968,1,34.31,3.6,0,710,Low
ORD101100,2025-06-25,2025-06,South,Home & Kitchen,Online,103.53464462818096,4,414.14,4.6,0,621,High
ORD101101,2025-06-21,2025-06,East,Electronics,Online,173.6442447940477,2,347.29,3.3,0,716,Low
ORD101102,2025-12-02,2025-12,South,Beauty,Online,26.511451721421192,2,53.02,4.9,0,447,Medium
ORD101103,2025-02-24,2025-02,East,Beauty,In-Store,41.86538781122426,5,209.33,4.1,0,728,Low
ORD101104,2025-04-22,2025-04,North,Home & Kitchen,In-Store,66.65168350647805,3,199.96,3.5,0,51,High
ORD101105,2025-03-08,2025-03,North,Home & Kitchen,Online,61.663962516035355,5,308.32,5.6,1,524,Low
ORD101106,2025-03-31,2025-03,East,Electronics,Online,252.31441649549492,3,756.94,5.5,1,679,Low
ORD101107,2025-11-28,2025-11,North,Home & Kitchen,In-Store,78.01522847166859,5,390.08,5.3,1,894,High
ORD101108,2025-12-10,2025-12,East,Apparel,Online,34.39281617945802,1,34.39,4.7,0,323,Medium
ORD101109,2025-01-17,2025-01,South,Sports,Online,42.157181990659886,2,84.31,5.9,1,162,Low
ORD101110,2025-08-19,2025-08,West,Electronics,Online,166.19088276274758,1,166.19,3.9,0,648,Low
ORD101111,2025-03-26,2025-03,West,Sports,In-Store,63.954894308420066,1,63.95,4.8,0,66,Low
ORD101112,2025-03-12,2025-03,South,Apparel,In-Store,38.77312777162468,5,193.87,3.7,0,699,High
ORD101113,2025-04-17,2025-04,East,Home & Kitchen,Online,99.54291952186118,3,298.63,2.2,0,634,Medium
ORD101114,2025-03-12,2025-03,North,Home & Kitchen,Online,104.0204834520176,2,208.04,5.5,1,622,High
ORD101115,2025-06-28,2025-06,South,Electronics,In-Store,176.30428472815532,2,352.61,3.0,0,265,High
ORD101116,2025-12-30,2025-12,North,Apparel,Online,42.11612592813581,2,84.23,4.2,0,109,Low
ORD101117,2025-08-03,2025-08,West,Sports,In-Store,48.156113269664296,1,48.16,2.7,0,547,Medium
ORD101118,2025-09-21,2025-09,West,Home & Kitchen,Online,72.05479140058904,5,360.27,5.9,1,327,Medium
ORD101119,2025-06-30,2025-06,West,Electronics,In-Store,190.83748048758795,1,190.84,5.3,1,353,Medium
ORD101120,2025-01-06,2025-01,West,Apparel,In-Store,56.28624437952138,2,112.57,4.4,0,169,Medium
ORD101121,2025-01-31,2025-01,West,Apparel,Online,42.38260985744308,1,42.38,6.0,1,300,Low
ORD101122,2025-04-09,2025-04,North,Home & Kitchen,Online,83.75162872967387,5,418.76,3.7,0,748,High
ORD101123,2025-03-30,2025-03,West,Home & Kitchen,In-Store,93.73812590648696,2,187.48,6.5,1,804,Medium
ORD101124,2025-11-03,2025-11,East,Electronics,Online,280.6275239694367,2,561.26,4.9,0,314,High
ORD101125,2025-11-04,2025-11,South,Home & Kitchen,Online,72.8677090580573,4,291.47,4.1,0,128,Low
ORD101126,2025-11-08,2025-11,East,Sports,Online,50.7872680435688,3,152.36,4.1,0,31,Low
ORD101127,2025-08-21,2025-08,South,Sports,In-Store,83.09504169774644,2,166.19,4.3,0,170,Medium
ORD101128,2025-07-23,2025-07,North,Electronics,Online,203.30272187571452,3,609.91,3.4,0,9,Medium
ORD101129,2025-08-25,2025-08,North,Apparel,In-Store,52.63864512419758,3,157.92,1.0,0,601,Low
ORD101130,2025-05-29,2025-05,North,Apparel,Online,52.85199278135083,2,105.7,4.2,0,578,Low
ORD101131,2025-09-02,2025-09,South,Electronics,Online,233.16053462232932,3,699.48,3.5,0,704,Medium
ORD101132,2025-10-17,2025-10,West,Apparel,Online,38.696094532763546,2,77.39,1.5,0,299,High
ORD101133,2025-10-06,2025-10,East,Electronics,In-Store,175.78444282694312,5,878.92,2.9,0,749,Low
ORD101134,2025-08-13,2025-08,South,Electronics,Online,229.00048631682236,3,687.0,4.3,0,153,Low
ORD101135,2025-01-22,2025-01,South,Home & Kitchen,Online,84.6120540558371,4,338.45,4.2,0,208,Low
ORD101136,2025-09-22,2025-09,South,Electronics,Online,273.09848054331883,2,546.2,1.5,0,824,Low
ORD101137,2025-05-14,2025-05,North,Sports,Online,71.81300464599212,4,287.25,2.7,0,794,Low
ORD101138,2025-09-29,2025-09,West,Electronics,Online,294.45435694072347,3,883.36,4.3,0,539,Low
ORD101139,2025-07-16,2025-07,North,Home & Kitchen,Online,110.36819146570735,4,441.47,2.9,0,548,Medium
ORD101140,2025-11-18,2025-11,East,Apparel,Online,54.42731677528553,3,163.28,4.5,0,630,Low
ORD101141,2025-05-04,2025-05,East,Sports,In-Store,45.21347245087064,4,180.85,5.0,0,741,Low
ORD101142,2025-12-06,2025-12,East,Sports,Online,59.01496898711831,1,59.01,4.6,0,208,High
ORD101143,2025-11-05,2025-11,West,Apparel,Online,50.677274649981506,4,202.71,5.7,1,62,Low
ORD101144,2025-05-01,2025-05,North,Home & Kitchen,Online,89.05092400119761,4,356.2,5.0,0,167,Medium
ORD101145,2025-06-26,2025-06,West,Electronics,Online,181.94234301791212,3,545.83,3.3,0,321,Low
ORD101146,2025-07-13,2025-07,East,Home & Kitchen,In-Store,88.64490484924879,1,88.64,3.8,0,212,Medium
ORD101147,2025-10-08,2025-10,East,Electronics,Online,207.85079821374237,3,623.55,5.2,1,472,Medium
ORD101148,2025-09-09,2025-09,East,Apparel,Online,42.176195612577054,4,168.7,3.5,0,125,Low
ORD101149,2025-11-07,2025-11,West,Electronics,In-Store,282.43707881639034,3,847.31,2.9,0,519,Medium
ORD101150,2025-05-16,2025-05,West,Beauty,Online,29.860596332032618,1,29.86,5.1,1,639,Medium
ORD101151,2025-07-04,2025-07,South,Apparel,In-Store,48.112972553030254,2,96.23,2.7,0,90,Low
ORD101152,2025-06-07,2025-06,West,Home & Kitchen,In-Store,87.5208802179308,5,437.6,2.5,0,259,Medium
ORD101153,2025-11-28,2025-11,East,Apparel,Online,49.234398565325904,2,98.47,3.2,0,485,Low
ORD101154,2025-04-22,2025-04,South,Apparel,Online,38.213327684176214,3,114.64,5.7,1,60,Low
ORD101155,2025-08-03,2025-08,West,Electronics,Online,246.31581792494705,2,492.63,4.8,0,599,High
ORD101156,2025-02-13,2025-02,South,Beauty,Online,28.027095787826507,4,112.11,6.4,1,678,Low
ORD101157,2025-11-07,2025-11,East,Sports,Online,69.51085237303911,3,208.53,2.9,0,326,Low
ORD101158,2025-05-21,2025-05,North,Electronics,Online,176.43743024072197,2,352.87,2.5,0,9,Low
ORD101159,2025-05-05,2025-05,North,Sports,Online,83.75285497461411,3,251.26,4.3,0,451,High
ORD101160,2025-08-01,2025-08,West,Apparel,Online,55.81936368078196,3,167.46,3.5,0,782,Low
ORD101161,2025-07-02,2025-07,South,Electronics,Online,218.25672075658335,3,654.77,4.5,0,264,Low
ORD101162,2025-11-06,2025-11,South,Home & Kitchen,In-Store,72.87570364839985,2,145.75,2.3,0,764,Medium
ORD101163,2025-07-13,2025-07,North,Electronics,In-Store,213.72151336194824,1,213.72,3.3,0,783,Medium
ORD101164,2025-07-08,2025-07,South,Electronics,Online,265.0660740071767,4,1060.26,7.0,1,253,Low
ORD101165,2025-02-08,2025-02,West,Home & Kitchen,In-Store,92.70283677673564,2,185.41,2.6,0,539,High
ORD101166,2025-01-09,2025-01,West,Electronics,Online,262.12224684809047,4,1048.49,5.7,1,38,Low
ORD101167,2025-05-26,2025-05,North,Beauty,In-Store,39.66898310448232,2,79.34,2.9,0,496,Medium
ORD101168,2025-12-31,2025-12,East,Home & Kitchen,Online,81.55253267338293,5,407.76,1.9,0,791,Medium
ORD101169,2025-12-01,2025-12,South,Sports,In-Store,70.11988823480192,4,280.48,3.4,0,849,Low
ORD101170,2025-08-18,2025-08,East,Home & Kitchen,Online,80.72444547775262,3,242.17,2.9,0,180,High
ORD101171,2025-08-19,2025-08,South,Beauty,Online,34.400059640517405,2,68.8,4.8,0,598,Medium
ORD101172,2025-05-23,2025-05,South,Apparel,In-Store,46.45694456433284,4,185.83,5.0,0,60,Low
ORD101173,2025-03-06,2025-03,South,Home & Kitchen,Online,99.493163130922,1,99.49,7.4,1,252,Low
ORD101174,2025-01-04,2025-01,East,Home & Kitchen,Online,56.29456690388905,1,56.29,2.3,0,751,Low
ORD101175,2025-05-04,2025-05,South,Beauty,In-Store,25.52993007158542,1,25.53,3.9,0,577,High
ORD101176,2025-04-26,2025-04,South,Electronics,In-Store,199.65139427513964,2,399.3,3.4,0,353,Low
ORD101177,2025-03-11,2025-03,West,Home & Kitchen,In-Store,108.94209235006251,3,326.83,2.3,0,865,High
ORD101178,2025-04-05,2025-04,East,Sports,In-Store,63.29594094461055,2,126.59,3.4,0,682,Low
ORD101179,2025-01-10,2025-01,South,Apparel,In-Store,42.977084219941446,1,42.98,4.5,0,22,High
ORD101180,2025-08-10,2025-08,West,Beauty,Online,29.49055442788711,2,58.98,2.3,0,72,Medium
ORD101181,2025-12-05,2025-12,West,Apparel,Online,45.732401928124894,3,137.2,4.5,0,564,Low
ORD101182,2025-09-10,2025-09,North,Electronics,In-Store,287.6458800775515,2,575.29,1.6,0,789,Low
ORD101183,2025-06-13,2025-06,East,Home & Kitchen,In-Store,109.89080847808772,3,329.67,3.3,0,141,Medium
ORD101184,2025-06-03,2025-06,North,Apparel,Online,58.09118615181726,2,116.18,5.2,1,484,Low
ORD101185,2025-04-23,2025-04,East,Electronics,Online,283.615141566518,5,1418.08,4.6,0,734,Low
ORD101186,2025-02-21,2025-02,North,Electronics,In-Store,184.648327087141,5,923.24,3.2,0,776,Medium
ORD101187,2025-08-07,2025-08,East,Electronics,Online,195.37642305138732,4,781.51,3.4,0,576,High
ORD101188,2025-07-26,2025-07,North,Sports,Online,67.03406558344015,3,201.1,3.8,0,899,Medium
ORD101189,2025-01-03,2025-01,South,Beauty,In-Store,34.77888568226753,1,34.78,5.2,1,843,High
ORD101190,2025-06-01,2025-06,West,Home & Kitchen,Online,67.35150091298054,4,269.41,5.1,1,750,Medium
ORD101191,2025-04-12,2025-04,South,Electronics,Online,268.92740840296364,2,537.85,5.1,1,602,Medium
ORD101192,2025-03-04,2025-03,West,Home & Kitchen,Online,67.19795896349686,2,134.4,4.8,0,886,Low
ORD101193,2025-09-14,2025-09,West,Beauty,Online,26.523223578377696,4,106.09,2.9,0,16,Medium
ORD101194,2025-07-11,2025-07,West,Sports,In-Store,54.88541259522765,1,54.89,2.9,0,81,Medium
ORD101195,2025-08-20,2025-08,North,Apparel,Online,58.148729619444985,2,116.3,4.5,0,459,Medium
ORD101196,2025-09-18,2025-09,West,Electronics,Online,266.740920118116,4,1066.96,5.5,1,604,High
ORD101197,2025-12-25,2025-12,North,Beauty,Online,32.14439415020781,5,160.72,3.8,0,813,Low
ORD101198,2025-10-21,2025-10,South,Beauty,Online,38.214735260832796,3,114.64,7.0,1,610,Medium
ORD101199,2025-08-15,2025-08,West,Electronics,Online,279.1909500897322,3,837.57,5.1,1,209,Low
ORD101200,2025-11-17,2025-11,East,Sports,Online,58.37299002984638,5,291.86,3.7,0,817,Low
ORD101201,2025-06-24,2025-06,South,Electronics,Online,274.34134227306265,1,274.34,3.7,0,75,Low
ORD101202,2025-12-26,2025-12,South,Electronics,Online,185.76138688825523,3,557.28,6.9,1,86,High
ORD101203,2025-10-05,2025-10,West,Sports,Online,63.1356116981314,2,126.27,5.4,1,648,Low
ORD101204,2025-08-26,2025-08,East,Home & Kitchen,Online,62.62153690176554,3,187.86,6.2,1,867,Medium
ORD101205,2025-11-26,2025-11,South,Apparel,Online,44.94402629612462,5,224.72,7.8,1,452,Medium
ORD101206,2025-07-08,2025-07,West,Beauty,Online,31.927681165111004,3,95.78,3.0,0,122,High
ORD101207,2025-09-21,2025-09,North,Sports,Online,45.356571032474946,5,226.78,2.2,0,43,Medium
ORD101208,2025-04-14,2025-04,North,Electronics,Online,225.24236530668946,3,675.73,1.0,0,881,Low
ORD101209,2025-12-18,2025-12,East,Home & Kitchen,Online,92.49355040576745,5,462.47,5.1,1,252,Low
ORD101210,2025-08-16,2025-08,West,Sports,In-Store,67.79170585927899,1,67.79,4.6,0,575,Medium
ORD101211,2025-10-13,2025-10,North,Home & Kitchen,Online,59.04381772189919,2,118.09,3.8,0,294,Low
ORD101212,2025-06-18,2025-06,North,Beauty,In-Store,23.00213340407222,2,46.0,1.5,0,193,Low
ORD101213,2025-11-13,2025-11,North,Home & Kitchen,In-Store,75.67594977348789,4,302.7,2.9,0,601,Low
ORD101214,2025-01-28,2025-01,West,Electronics,Online,283.77360132908024,3,851.32,4.7,0,665,Low
ORD101215,2025-02-11,2025-02,North,Electronics,Online,287.9424321877738,2,575.88,4.6,0,424,High
ORD101216,2025-07-05,2025-07,South,Sports,Online,55.003740527732894,1,55.0,5.5,1,457,High
ORD101217,2025-09-25,2025-09,West,Beauty,Online,36.09673379007058,2,72.19,5.3,1,438,Medium
ORD101218,2025-10-23,2025-10,North,Electronics,Online,242.91815122215303,1,242.92,3.6,0,532,Low
ORD101219,2025-06-10,2025-06,East,Electronics,Online,305.4470278489526,4,1221.79,5.4,1,726,High
ORD101220,2025-08-26,2025-08,South,Sports,In-Store,45.97504431616705,5,229.88,5.3,1,640,Medium
ORD101221,2025-07-21,2025-07,West,Electronics,Online,238.37363430499926,5,1191.87,3.1,0,251,High
ORD101222,2025-12-17,2025-12,South,Electronics,In-Store,245.25079792617308,2,490.5,6.2,1,223,Low
ORD101223,2025-08-27,2025-08,South,Beauty,In-Store,27.461039989973436,3,82.38,6.0,1,605,Low
ORD101224,2025-06-02,2025-06,North,Sports,Online,43.972036394641776,3,131.92,4.3,0,581,Medium
ORD101225,2025-12-20,2025-12,East,Beauty,In-Store,22.094195249444343,3,66.28,3.6,0,331,High
ORD101226,2025-02-09,2025-02,East,Home & Kitchen,In-Store,81.40261103523572,3,244.21,5.3,1,754,Low
ORD101227,2025-12-26,2025-12,North,Apparel,Online,53.312924367483454,2,106.63,1.7,0,377,Low
ORD101228,2025-02-26,2025-02,South,Beauty,Online,35.70369150186567,1,35.7,6.7,1,302,Medium
ORD101229,2025-04-16,2025-04,West,Apparel,Online,37.200550266237464,3,111.6,3.9,0,500,High
ORD101230,2025-10-27,2025-10,North,Electronics,Online,286.12770971489107,1,286.13,5.0,0,174,Medium
ORD101231,2025-09-25,2025-09,North,Beauty,Online,28.920410945364644,1,28.92,3.8,0,626,High
ORD101232,2025-12-21,2025-12,East,Home & Kitchen,Online,110.00460251045538,3,330.01,2.5,0,807,Medium
ORD101233,2025-10-01,2025-10,South,Beauty,Online,23.481352322938374,5,117.41,4.6,0,850,High
ORD101234,2025-08-21,2025-08,North,Electronics,In-Store,282.8140235898642,3,848.44,4.2,0,402,Low
ORD101235,2025-05-07,2025-05,South,Beauty,Online,40.0751012181544,1,40.08,4.9,0,242,Low
ORD101236,2025-01-02,2025-01,North,Home & Kitchen,Online,102.06982946404895,5,510.35,3.0,0,431,Medium
ORD101237,2025-02-15,2025-02,South,Home & Kitchen,Online,101.29510390718231,4,405.18,4.4,0,94,Medium
ORD101238,2025-04-19,2025-04,East,Beauty,In-Store,28.587510323503842,2,57.18,4.1,0,601,Low
ORD101239,2025-01-15,2025-01,East,Apparel,In-Store,53.970307861710644,2,107.94,5.4,1,386,Low
ORD101240,2025-07-05,2025-07,North,Sports,Online,66.3325557724746,5,331.66,1.1,0,110,Medium
ORD101241,2025-10-11,2025-10,West,Home & Kitchen,In-Store,79.77083136014824,3,239.31,7.2,1,492,Medium
ORD101242,2025-12-18,2025-12,North,Sports,Online,83.71069123425454,1,83.71,3.9,0,647,Low
ORD101243,2025-06-28,2025-06,East,Beauty,In-Store,27.099549081047517,2,54.2,4.0,0,205,High
ORD101244,2025-11-16,2025-11,South,Home & Kitchen,Online,79.13606524251591,2,158.27,4.7,0,364,Low
ORD101245,2025-12-26,2025-12,East,Electronics,Online,293.04059975007004,3,879.12,4.0,0,801,Low
ORD101246,2025-11-10,2025-11,North,Electronics,In-Store,198.5072749808262,2,397.01,3.2,0,639,Low
ORD101247,2025-06-19,2025-06,North,Beauty,In-Store,24.20630398469929,3,72.62,1.7,0,719,Low
ORD101248,2025-04-29,2025-04,South,Beauty,In-Store,27.509994743059185,2,55.02,3.5,0,405,Low
ORD101249,2025-12-23,2025-12,North,Beauty,Online,36.945545219137614,4,147.78,5.1,1,444,Medium
ORD101250,2025-03-30,2025-03,North,Electronics,In-Store,286.4175174941489,3,859.25,1.1,0,447,Medium
ORD101251,2025-05-31,2025-05,East,Apparel,Online,35.10501711010437,5,175.53,4.5,0,405,Low
ORD101252,2025-01-28,2025-01,West,Sports,In-Store,68.11193260514271,5,340.56,3.4,0,130,High
ORD101253,2025-10-17,2025-10,North,Sports,In-Store,65.8260500349792,2,131.65,1.8,0,37,High
ORD101254,2025-08-26,2025-08,West,Electronics,Online,256.9948589690582,1,256.99,6.9,1,749,Low
ORD101255,2025-01-31,2025-01,East,Home & Kitchen,Online,93.57915678310057,3,280.74,2.9,0,483,Low
ORD101256,2025-03-23,2025-03,West,Electronics,Online,301.75799042104535,2,603.52,3.1,0,479,Low
ORD101257,2025-07-22,2025-07,East,Apparel,Online,42.415670065442285,5,212.08,3.8,0,536,Medium
ORD101258,2025-07-17,2025-07,East,Electronics,Online,200.16410594730993,3,600.49,3.1,0,371,Low
ORD101259,2025-10-20,2025-10,South,Electronics,Online,243.50869401656104,2,487.02,5.2,1,802,Medium
ORD101260,2025-04-08,2025-04,East,Electronics,Online,220.1304427227539,2,440.26,4.2,0,423,Medium
ORD101261,2025-12-04,2025-12,West,Beauty,Online,30.948839718564138,5,154.74,4.8,0,451,Medium
ORD101262,2025-06-12,2025-06,North,Sports,Online,44.9096337271887,1,44.91,3.6,0,478,Low
ORD101263,2025-10-28,2025-10,South,Beauty,In-Store,24.113085716025452,5,120.57,3.7,0,142,Low
ORD101264,2025-03-29,2025-03,North,Apparel,Online,60.96431050267514,2,121.93,4.5,0,156,Low
ORD101265,2025-01-14,2025-01,West,Apparel,Online,33.65118072760883,5,168.26,4.4,0,162,Medium
ORD101266,2025-01-21,2025-01,South,Apparel,In-Store,50.089586169439556,3,150.27,3.9,0,229,Medium
ORD101267,2025-05-17,2025-05,East,Home & Kitchen,In-Store,98.25620162500185,3,294.77,5.1,1,144,Medium
ORD101268,2025-12-14,2025-12,West,Apparel,Online,31.873701145886063,2,63.75,4.4,0,202,Medium
ORD101269,2025-01-18,2025-01,West,Sports,Online,51.35542221320216,4,205.42,5.8,1,844,Low
ORD101270,2025-05-15,2025-05,North,Sports,Online,57.83702529567424,4,231.35,5.2,1,325,Low
ORD101271,2025-02-09,2025-02,East,Beauty,In-Store,31.643166388442037,3,94.93,4.8,0,714,Low
ORD101272,2025-12-07,2025-12,West,Electronics,In-Store,206.6056753923717,3,619.82,4.6,0,354,Low
ORD101273,2025-09-04,2025-09,North,Home & Kitchen,In-Store,92.3439584563468,3,277.03,3.0,0,742,Low
ORD101274,2025-10-06,2025-10,East,Electronics,In-Store,188.86521765660973,3,566.6,3.2,0,678,Low
ORD101275,2025-09-18,2025-09,South,Electronics,Online,157.9243722100689,5,789.62,4.9,0,756,Medium
ORD101276,2025-08-28,2025-08,East,Sports,Online,42.06598413436667,1,42.07,1.4,0,260,Low
ORD101277,2025-10-10,2025-10,South,Home & Kitchen,In-Store,75.3486726691795,2,150.7,5.4,1,86,Low
ORD101278,2025-01-03,2025-01,North,Sports,In-Store,57.189837566158374,5,285.95,3.3,0,277,Low
ORD101279,2025-11-12,2025-11,North,Electronics,Online,300.0850340775277,4,1200.34,4.7,0,632,Low
ORD101280,2025-09-28,2025-09,North,Beauty,Online,21.940394962924962,2,43.88,3.6,0,589,Low
ORD101281,2025-09-27,2025-09,North,Beauty,Online,32.1313662628388,3,96.39,4.5,0,634,Low
ORD101282,2025-05-24,2025-05,East,Apparel,In-Store,49.70111939931116,1,49.7,1.6,0,894,Low
ORD101283,2025-10-20,2025-10,South,Beauty,Online,35.68477524985211,1,35.68,3.8,0,203,High
ORD101284,2025-05-20,2025-05,North,Electronics,In-Store,252.36512842166172,5,1261.83,1.0,0,400,Low
ORD101285,2025-01-18,2025-01,East,Sports,Online,42.3418587364056,4,169.37,3.8,0,442,Low
ORD101286,2025-11-28,2025-11,East,Beauty,Online,34.26901114158924,1,34.27,3.1,0,135,Low
ORD101287,2025-03-27,2025-03,South,Sports,In-Store,55.54029346738875,4,222.16,3.4,0,596,Low
ORD101288,2025-02-07,2025-02,West,Sports,Online,74.46049637660768,3,223.38,4.9,0,44,Medium
ORD101289,2025-08-15,2025-08,South,Apparel,In-Store,37.43350966327452,3,112.3,4.0,0,807,Low
ORD101290,2025-03-27,2025-03,West,Sports,In-Store,72.08063738304152,5,360.4,2.1,0,80,High
ORD101291,2025-11-10,2025-11,North,Home & Kitchen,In-Store,91.02773868658741,5,455.14,6.1,1,100,High
ORD101292,2025-06-11,2025-06,East,Electronics,Online,254.45279634043112,1,254.45,4.0,0,157,Medium
ORD101293,2025-01-02,2025-01,West,Electronics,In-Store,181.09594381148335,2,362.19,2.5,0,803,Low
ORD101294,2025-12-14,2025-12,West,Sports,Online,70.10530805596342,2,140.21,3.7,0,775,Low
ORD101295,2025-07-07,2025-07,East,Home & Kitchen,Online,97.27079088394723,5,486.35,3.8,0,830,Low
ORD101296,2025-04-06,2025-04,East,Home & Kitchen,Online,83.40697462931712,4,333.63,3.8,0,750,Medium
ORD101297,2025-09-05,2025-09,South,Beauty,Online,28.14767934273845,4,112.59,6.8,1,831,Low
ORD101298,2025-07-13,2025-07,East,Home & Kitchen,Online,65.32707156013784,1,65.33,3.9,0,424,Medium
ORD101299,2025-01-11,2025-01,East,Apparel,Online,40.63375654098832,5,203.17,6.2,1,5,Low
ORD101300,2025-10-05,2025-10,West,Apparel,Online,55.56059341725441,3,166.68,4.0,0,394,Low
ORD101301,2025-05-27,2025-05,South,Home & Kitchen,Online,78.92644057459032,2,157.85,5.7,1,199,Low
ORD101302,2025-09-13,2025-09,North,Sports,Online,71.51395616371681,3,214.54,4.9,0,221,Low
ORD101303,2025-11-23,2025-11,East,Home & Kitchen,Online,97.44511419991525,3,292.34,5.4,1,622,Medium
ORD101304,2025-08-11,2025-08,North,Home & Kitchen,In-Store,93.75353255096022,2,187.51,4.6,0,151,Medium
ORD101305,2025-09-03,2025-09,North,Sports,Online,70.28861379468384,5,351.44,3.4,0,290,Low
ORD101306,2025-04-03,2025-04,South,Sports,Online,67.65394458169416,5,338.27,5.2,1,354,Low
ORD101307,2025-03-28,2025-03,East,Sports,In-Store,63.77372310597597,1,63.77,1.0,0,55,High
ORD101308,2025-06-01,2025-06,North,Electronics,In-Store,184.46376977802151,5,922.32,2.8,0,631,Low
ORD101309,2025-11-08,2025-11,North,Sports,In-Store,77.3977422507177,3,232.19,4.3,0,686,Medium
ORD101310,2025-07-11,2025-07,North,Home & Kitchen,In-Store,109.99879365930532,4,440.0,4.1,0,503,Low
ORD101311,2025-05-08,2025-05,West,Electronics,In-Store,225.8385461024256,4,903.35,3.7,0,26,Medium
ORD101312,2025-10-12,2025-10,East,Home & Kitchen,Online,108.26137032954072,3,324.78,6.0,1,708,Medium
ORD101313,2025-11-08,2025-11,North,Sports,In-Store,83.91577058437791,4,335.66,2.5,0,401,Low
ORD101314,2025-11-26,2025-11,North,Home & Kitchen,In-Store,83.22697110480595,4,332.91,2.1,0,240,Low
ORD101315,2025-04-20,2025-04,East,Sports,Online,72.42292569749866,5,362.11,3.4,0,852,Low
ORD101316,2025-09-17,2025-09,North,Apparel,In-Store,51.77939565489146,3,155.34,1.7,0,773,Low
ORD101317,2025-08-04,2025-08,East,Electronics,In-Store,190.53878166411505,4,762.16,4.0,0,396,Medium
ORD101318,2025-06-13,2025-06,South,Apparel,In-Store,32.98331747826104,5,164.92,4.8,0,399,Low
ORD101319,2025-05-25,2025-05,West,Apparel,In-Store,45.78069230199539,5,228.9,4.5,0,820,Low
ORD101320,2025-02-11,2025-02,North,Home & Kitchen,Online,100.08347985419124,1,100.08,3.2,0,172,Medium
ORD101321,2025-04-11,2025-04,East,Sports,Online,55.65565583296726,3,166.97,3.9,0,368,High
ORD101322,2025-07-20,2025-07,North,Sports,In-Store,74.94642629011373,3,224.84,1.0,0,513,Low
ORD101323,2025-11-20,2025-11,West,Electronics,In-Store,254.83945902229513,4,1019.36,4.3,0,312,Medium
ORD101324,2025-11-13,2025-11,West,Apparel,In-Store,53.409552582253994,4,213.64,3.9,0,284,Low
ORD101325,2025-03-10,2025-03,East,Electronics,In-Store,198.00409681011803,5,990.02,2.0,0,97,Medium
ORD101326,2025-09-05,2025-09,South,Home & Kitchen,In-Store,82.32265343921063,3,246.97,4.4,0,240,Low
ORD101327,2025-01-31,2025-01,North,Electronics,In-Store,181.9823852038834,4,727.93,2.7,0,322,Medium
ORD101328,2025-09-04,2025-09,West,Home & Kitchen,Online,69.80850957246467,5,349.04,6.6,1,753,Low
ORD101329,2025-05-05,2025-05,East,Sports,In-Store,45.77370180988144,1,45.77,2.0,0,303,Low
ORD101330,2025-06-14,2025-06,North,Home & Kitchen,Online,63.09931075258764,4,252.4,4.1,0,145,Medium
ORD101331,2025-09-19,2025-09,South,Apparel,Online,38.13117459781885,2,76.26,3.9,0,762,Low
ORD101332,2025-06-05,2025-06,South,Apparel,Online,49.777377658338864,5,248.89,4.5,0,317,Low
ORD101333,2025-10-22,2025-10,West,Home & Kitchen,Online,80.70782269466783,3,242.12,4.8,0,828,Low
ORD101334,2025-07-14,2025-07,East,Home & Kitchen,Online,70.94861270367147,4,283.79,3.7,0,99,Medium
ORD101335,2025-12-31,2025-12,East,Electronics,Online,286.61131682224413,4,1146.45,4.0,0,20,Low
ORD101336,2025-08-21,2025-08,East,Beauty,In-Store,32.02810151818171,2,64.06,3.7,0,829,Medium
ORD101337,2025-04-19,2025-04,North,Home & Kitchen,In-Store,107.69413052360446,3,323.08,2.4,0,89,Low
ORD101338,2025-10-10,2025-10,South,Apparel,Online,51.50139631174338,4,206.01,6.3,1,8,Medium
ORD101339,2025-05-29,2025-05,North,Electronics,In-Store,156.43128986542237,4,625.73,2.6,0,579,High
ORD101340,2025-07-14,2025-07,East,Apparel,Online,60.274484266994385,2,120.55,3.9,0,286,Low
ORD101341,2025-02-19,2025-02,South,Apparel,Online,58.510095073946026,5,292.55,5.6,1,436,Medium
ORD101342,2025-02-13,2025-02,South,Electronics,Online,251.83176830825846,1,251.83,5.5,1,368,Low
ORD101343,2025-07-29,2025-07,North,Home & Kitchen,Online,85.94731912092581,2,171.89,4.5,0,267,Low
ORD101344,2025-03-10,2025-03,North,Apparel,In-Store,45.76717130953543,5,228.84,3.4,0,433,Medium
ORD101345,2025-12-31,2025-12,East,Beauty,Online,31.125671761103465,4,124.5,4.6,0,234,High
ORD101346,2025-11-09,2025-11,North,Beauty,In-Store,37.15363345768934,3,111.46,2.6,0,203,Medium
ORD101347,2025-09-13,2025-09,North,Electronics,Online,233.0238067632376,3,699.07,2.4,0,202,High
ORD101348,2025-09-26,2025-09,East,Electronics,In-Store,181.10780360017586,5,905.54,1.6,0,107,Low
ORD101349,2025-08-06,2025-08,South,Sports,In-Store,44.443457821265696,2,88.89,2.5,0,473,Medium
ORD101350,2025-01-23,2025-01,South,Beauty,Online,23.64991180201676,2,47.3,7.3,1,494,Low
ORD101351,2025-05-24,2025-05,South,Beauty,Online,26.280263285585107,3,78.84,2.5,0,16,High
ORD101352,2025-06-30,2025-06,West,Electronics,Online,210.63105470171482,5,1053.16,5.9,1,414,Medium
ORD101353,2025-12-01,2025-12,South,Electronics,Online,291.4320658749821,3,874.3,4.2,0,665,Low
ORD101354,2025-03-22,2025-03,East,Electronics,Online,190.81943375874886,4,763.28,5.4,1,2,Medium
ORD101355,2025-07-01,2025-07,West,Sports,Online,55.42313943610646,5,277.12,1.9,0,271,Medium
ORD101356,2025-05-06,2025-05,East,Home & Kitchen,In-Store,68.48881421349932,5,342.44,3.0,0,864,High
ORD101357,2025-02-19,2025-02,South,Home & Kitchen,In-Store,86.56154184754345,3,259.68,6.2,1,384,Medium
ORD101358,2025-02-07,2025-02,East,Home & Kitchen,Online,90.55685499249125,3,271.67,4.9,0,15,High
ORD101359,2025-05-14,2025-05,South,Electronics,Online,235.9476399121627,1,235.95,4.8,0,474,Low
ORD101360,2025-01-31,2025-01,South,Home & Kitchen,Online,109.30397246814864,1,109.3,2.9,0,370,Low
ORD101361,2025-01-25,2025-01,South,Electronics,Online,307.2882147187351,3,921.86,3.6,0,191,Medium
ORD101362,2025-05-09,2025-05,South,Home & Kitchen,In-Store,102.89417542911153,4,411.58,6.2,1,67,Low
ORD101363,2025-03-15,2025-03,North,Sports,Online,75.82243808539269,5,379.11,3.3,0,795,Low
ORD101364,2025-07-22,2025-07,South,Home & Kitchen,Online,76.49895549797807,3,229.5,5.1,1,731,High
ORD101365,2025-01-07,2025-01,North,Apparel,Online,49.76318044410295,3,149.29,4.0,0,614,High
ORD101366,2025-04-21,2025-04,South,Sports,Online,56.76184159585317,5,283.81,3.6,0,16,High
ORD101367,2025-06-15,2025-06,East,Sports,Online,74.94294553929704,2,149.89,4.5,0,783,Low
ORD101368,2025-12-18,2025-12,West,Electronics,Online,180.46199542014276,1,180.46,4.0,0,426,Low
ORD101369,2025-08-20,2025-08,North,Electronics,In-Store,187.36744400137502,5,936.84,3.4,0,428,High
ORD101370,2025-11-18,2025-11,East,Home & Kitchen,Online,58.16686796873729,3,174.5,3.3,0,790,Low
ORD101371,2025-05-06,2025-05,South,Apparel,In-Store,50.68159971014676,1,50.68,2.6,0,389,Low
ORD101372,2025-06-14,2025-06,North,Electronics,Online,260.0348918534994,2,520.07,3.2,0,213,Low
ORD101373,2025-06-03,2025-06,North,Electronics,In-Store,154.51779207963233,2,309.04,3.8,0,214,High
ORD101374,2025-11-20,2025-11,North,Electronics,Online,232.6610076551146,2,465.32,4.2,0,834,Low
ORD101375,2025-12-17,2025-12,North,Apparel,Online,43.37154796242787,3,130.11,3.7,0,490,Low
ORD101376,2025-12-18,2025-12,North,Home & Kitchen,In-Store,100.37332378185098,5,501.87,4.1,0,521,Low
ORD101377,2025-10-02,2025-10,South,Electronics,In-Store,159.98917488379107,4,639.96,4.3,0,534,Low
ORD101378,2025-07-03,2025-07,South,Sports,Online,44.0397589303593,5,220.2,5.3,1,199,Medium
ORD101379,2025-07-17,2025-07,North,Apparel,Online,51.03658660986522,5,255.18,3.1,0,378,Medium
ORD101380,2025-12-24,2025-12,North,Apparel,In-Store,50.13662391926256,2,100.27,4.1,0,856,Medium
ORD101381,2025-04-14,2025-04,North,Electronics,In-Store,281.98786354169357,1,281.99,3.3,0,131,Low
ORD101382,2025-05-07,2025-05,South,Sports,In-Store,66.87520934460916,1,66.88,3.8,0,856,Low
ORD101383,2025-11-24,2025-11,South,Beauty,Online,40.93678740042152,4,163.75,3.4,0,246,Low
ORD101384,2025-05-22,2025-05,South,Apparel,Online,41.40311623038429,2,82.81,6.5,1,266,High
ORD101385,2025-03-27,2025-03,North,Electronics,Online,215.2798965863392,4,861.12,2.8,0,13,Low
ORD101386,2025-07-24,2025-07,North,Electronics,Online,304.56189864144915,3,913.69,3.8,0,597,Low
ORD101387,2025-04-29,2025-04,West,Electronics,Online,170.55873347925382,5,852.79,7.3,1,287,Low
ORD101388,2025-11-22,2025-11,North,Sports,In-Store,75.42800383424373,3,226.28,4.0,0,413,High
ORD101389,2025-11-28,2025-11,North,Electronics,Online,155.7815820577078,5,778.91,5.6,1,523,Medium
ORD101390,2025-04-22,2025-04,North,Beauty,In-Store,31.2167782374704,2,62.43,2.4,0,571,Low
ORD101391,2025-07-13,2025-07,West,Home & Kitchen,In-Store,64.59053089264577,4,258.36,5.1,1,860,Medium
ORD101392,2025-12-26,2025-12,East,Home & Kitchen,In-Store,89.53625540877164,3,268.61,3.3,0,500,Low
ORD101393,2025-09-28,2025-09,East,Sports,Online,75.52313872772878,1,75.52,4.4,0,160,Medium
ORD101394,2025-03-20,2025-03,West,Electronics,Online,159.08851456200583,2,318.18,6.9,1,633,High
ORD101395,2025-08-04,2025-08,North,Sports,Online,48.8784545168533,2,97.76,3.4,0,50,Medium
ORD101396,2025-08-15,2025-08,West,Electronics,Online,206.76199869893296,1,206.76,4.5,0,759,High
ORD101397,2025-08-27,2025-08,North,Sports,Online,52.743556565938306,5,263.72,2.6,0,267,Low
ORD101398,2025-01-10,2025-01,East,Home & Kitchen,Online,77.46031382915028,2,154.92,5.1,1,650,Low
ORD101399,2025-04-20,2025-04,South,Electronics,Online,300.5877181718876,3,901.76,4.5,0,141,Medium
ORD101400,2025-11-08,2025-11,South,Sports,Online,46.250657352490094,3,138.75,6.4,1,366,Medium
ORD101401,2025-03-30,2025-03,West,Electronics,In-Store,219.1854447345289,3,657.56,1.8,0,626,Low
ORD101402,2025-04-20,2025-04,North,Electronics,In-Store,224.39207122756773,4,897.57,3.7,0,559,Low
ORD101403,2025-04-28,2025-04,West,Sports,Online,53.77436617682483,5,268.87,3.7,0,6,Low
ORD101404,2025-03-06,2025-03,South,Apparel,In-Store,40.272956567158445,5,201.36,5.4,1,32,Low
ORD101405,2025-02-26,2025-02,East,Beauty,Online,36.00979539673573,5,180.05,4.0,0,882,High
ORD101406,2025-05-07,2025-05,West,Home & Kitchen,Online,90.59925518845503,3,271.8,3.9,0,476,Low
ORD101407,2025-11-16,2025-11,North,Home & Kitchen,In-Store,101.51859310505657,4,406.07,2.5,0,770,Medium
ORD101408,2025-01-01,2025-01,West,Apparel,Online,44.25980650805864,1,44.26,3.5,0,66,Low
ORD101409,2025-04-14,2025-04,East,Electronics,Online,247.43349815486965,5,1237.17,5.0,0,442,Medium
ORD101410,2025-01-23,2025-01,East,Beauty,Online,39.765350954334274,1,39.77,2.7,0,519,High
ORD101411,2025-07-24,2025-07,North,Electronics,Online,285.1045846443233,1,285.1,3.4,0,828,Medium
ORD101412,2025-04-02,2025-04,South,Home & Kitchen,In-Store,107.5213099799977,5,537.61,4.9,0,639,Medium
ORD101413,2025-10-17,2025-10,East,Electronics,Online,195.42215346934663,4,781.69,5.9,1,565,Low
ORD101414,2025-08-02,2025-08,South,Electronics,Online,305.7548624179465,1,305.75,5.2,1,264,Low
ORD101415,2025-10-14,2025-10,North,Home & Kitchen,Online,101.7178352663993,5,508.59,3.4,0,894,Medium
ORD101416,2025-08-20,2025-08,North,Sports,Online,75.38192785373474,1,75.38,4.0,0,295,Medium
ORD101417,2025-06-10,2025-06,West,Sports,Online,70.03830124026368,1,70.04,2.0,0,251,Medium
ORD101418,2025-11-11,2025-11,North,Beauty,In-Store,41.64862744081337,5,208.24,1.6,0,651,Medium
ORD101419,2025-06-23,2025-06,East,Apparel,In-Store,45.40924168346413,2,90.82,2.8,0,897,Low
ORD101420,2025-12-13,2025-12,West,Apparel,Online,54.85848810001594,2,109.72,3.6,0,771,Low
ORD101421,2025-12-30,2025-12,North,Electronics,In-Store,261.6169383502323,4,1046.47,1.1,0,163,High
ORD101422,2025-08-03,2025-08,North,Sports,Online,72.74773407077676,4,290.99,4.7,0,734,Medium
ORD101423,2025-09-04,2025-09,East,Apparel,Online,55.17114164633159,3,165.51,4.3,0,318,Medium
ORD101424,2025-04-04,2025-04,North,Home & Kitchen,Online,66.68232990278794,5,333.41,3.9,0,200,Medium
ORD101425,2025-10-25,2025-10,East,Electronics,Online,207.75392633416993,1,207.75,3.2,0,841,High
ORD101426,2025-09-03,2025-09,East,Sports,In-Store,58.474667824688,5,292.37,3.4,0,854,High
ORD101427,2025-11-26,2025-11,East,Sports,In-Store,73.4159921871584,2,146.83,3.9,0,334,Low
ORD101428,2025-04-08,2025-04,South,Beauty,Online,36.041207490105386,4,144.16,4.9,0,24,High
ORD101429,2025-10-15,2025-10,East,Electronics,Online,282.33839560630076,2,564.68,4.5,0,189,Low
ORD101430,2025-06-21,2025-06,East,Beauty,Online,37.55890231569706,2,75.12,3.0,0,487,Low
ORD101431,2025-03-09,2025-03,North,Electronics,Online,245.78921742596924,2,491.58,3.8,0,54,High
ORD101432,2025-03-04,2025-03,East,Apparel,Online,35.90837732435443,3,107.73,5.4,1,205,Low
ORD101433,2025-07-25,2025-07,West,Electronics,In-Store,251.86010992178421,5,1259.3,5.3,1,134,Low
ORD101434,2025-04-27,2025-04,East,Electronics,In-Store,290.6071296801718,1,290.61,4.9,0,856,Medium
ORD101435,2025-02-07,2025-02,South,Home & Kitchen,In-Store,92.01776434982494,4,368.07,4.8,0,320,High
ORD101436,2025-06-05,2025-06,South,Electronics,Online,291.9264700009722,5,1459.63,5.2,1,342,Low
ORD101437,2025-08-27,2025-08,North,Apparel,Online,62.97017007131233,4,251.88,3.2,0,379,Medium
ORD101438,2025-04-27,2025-04,North,Home & Kitchen,Online,76.11532504931785,5,380.58,1.5,0,12,Low
ORD101439,2025-12-15,2025-12,North,Sports,In-Store,72.37816716260974,1,72.38,1.4,0,488,Low
ORD101440,2025-10-12,2025-10,West,Home & Kitchen,Online,86.23768342562829,2,172.48,4.3,0,821,Medium
ORD101441,2025-07-07,2025-07,North,Home & Kitchen,Online,81.47842083965728,3,244.44,3.6,0,732,Medium
ORD101442,2025-12-08,2025-12,West,Electronics,Online,190.939530118639,3,572.82,6.2,1,226,Medium
ORD101443,2025-06-08,2025-06,North,Sports,In-Store,52.3284130318291,2,104.66,4.6,0,13,Medium
ORD101444,2025-02-20,2025-02,North,Electronics,In-Store,182.48573216103554,2,364.97,2.2,0,696,High
ORD101445,2025-01-14,2025-01,South,Electronics,In-Store,251.24846000083699,5,1256.24,5.5,1,757,Medium
ORD101446,2025-12-09,2025-12,South,Electronics,Online,175.87617688303789,2,351.75,4.6,0,829,Low
ORD101447,2025-12-17,2025-12,East,Home & Kitchen,In-Store,80.15764230975483,5,400.79,4.1,0,519,Medium
ORD101448,2025-09-27,2025-09,West,Apparel,Online,47.98499703707411,1,47.98,5.5,1,426,Medium
ORD101449,2025-02-07,2025-02,West,Home & Kitchen,Online,80.54113072258231,3,241.62,6.0,1,681,Low
ORD101450,2025-04-18,2025-04,North,Apparel,Online,58.43027967442837,4,233.72,3.1,0,621,Medium
ORD101451,2025-01-15,2025-01,East,Apparel,Online,45.45983483350659,5,227.3,5.2,1,681,Medium
ORD101452,2025-01-19,2025-01,North,Apparel,Online,34.10921092837553,4,136.44,1.5,0,256,Low
ORD101453,2025-03-31,2025-03,West,Electronics,In-Store,306.79872934058767,1,306.8,5.4,1,812,Low
ORD101454,2025-07-28,2025-07,South,Apparel,Online,58.116983118396696,4,232.47,5.2,1,34,Low
ORD101455,2025-01-24,2025-01,South,Home & Kitchen,Online,92.96243518273599,2,185.92,5.2,1,84,Low
ORD101456,2025-12-26,2025-12,North,Home & Kitchen,In-Store,98.35412276528201,5,491.77,1.0,0,589,High
ORD101457,2025-06-16,2025-06,North,Electronics,In-Store,173.74136776224597,4,694.97,2.5,0,514,Low
ORD101458,2025-04-07,2025-04,North,Home & Kitchen,Online,98.89122846977777,1,98.89,5.3,1,499,Medium
ORD101459,2025-07-08,2025-07,West,Apparel,Online,38.04409166393099,2,76.09,4.0,0,818,Medium
ORD101460,2025-10-16,2025-10,East,Electronics,Online,229.30232395439225,5,1146.51,4.9,0,783,Low
ORD101461,2025-04-25,2025-04,West,Electronics,Online,181.40934955593966,5,907.05,4.5,0,647,Low
ORD101462,2025-01-18,2025-01,North,Apparel,In-Store,55.24422637646404,4,220.98,4.3,0,149,Low
ORD101463,2025-01-19,2025-01,East,Apparel,Online,39.246917236142075,2,78.49,4.2,0,87,Low
ORD101464,2025-11-07,2025-11,North,Home & Kitchen,Online,70.17967143553479,2,140.36,2.6,0,126,Low
ORD101465,2025-02-10,2025-02,South,Electronics,Online,170.82024179840604,4,683.28,5.3,1,552,Low
ORD101466,2025-08-20,2025-08,South,Sports,Online,72.26547119248261,3,216.8,7.1,1,641,Medium
ORD101467,2025-05-21,2025-05,North,Apparel,Online,40.81910586959765,2,81.64,4.3,0,720,Medium
ORD101468,2025-10-11,2025-10,East,Home & Kitchen,In-Store,85.02368073931017,2,170.05,3.2,0,93,Low
ORD101469,2025-01-23,2025-01,North,Sports,Online,55.954229409415646,1,55.95,6.4,1,248,Low
ORD101470,2025-11-24,2025-11,South,Apparel,In-Store,55.90308965290035,3,167.71,5.9,1,304,High
ORD101471,2025-09-12,2025-09,East,Electronics,Online,188.87848310007618,3,566.64,5.0,0,569,Low
ORD101472,2025-06-13,2025-06,North,Home & Kitchen,In-Store,108.68673200259792,3,326.06,3.4,0,42,Medium
ORD101473,2025-03-17,2025-03,West,Beauty,Online,27.74813947268386,5,138.74,5.4,1,756,Low
ORD101474,2025-12-23,2025-12,South,Beauty,Online,23.180884047105764,4,92.72,6.1,1,73,High
ORD101475,2025-04-21,2025-04,West,Electronics,Online,191.00700585349958,3,573.02,1.9,0,471,Low
ORD101476,2025-06-29,2025-06,East,Sports,Online,45.105519020821355,2,90.21,4.5,0,839,Low
ORD101477,2025-05-24,2025-05,East,Apparel,In-Store,46.265270026261376,4,185.06,3.1,0,175,Medium
ORD101478,2025-03-26,2025-03,East,Electronics,In-Store,192.5386879914142,5,962.69,2.7,0,618,Low
ORD101479,2025-06-02,2025-06,West,Home & Kitchen,In-Store,105.61857848891307,1,105.62,3.6,0,495,Medium
ORD101480,2025-02-25,2025-02,East,Home & Kitchen,Online,84.9592027323282,2,169.92,2.1,0,738,Low
ORD101481,2025-01-01,2025-01,North,Home & Kitchen,Online,69.06863312884002,1,69.07,1.5,0,529,Low
ORD101482,2025-04-16,2025-04,North,Sports,In-Store,60.953353856007546,2,121.91,4.5,0,763,Low
ORD101483,2025-02-10,2025-02,East,Apparel,In-Store,37.67381957242336,1,37.67,3.9,0,363,Medium
ORD101484,2025-06-01,2025-06,North,Home & Kitchen,Online,66.00884505179543,3,198.03,1.0,0,148,High
ORD101485,2025-11-11,2025-11,North,Apparel,In-Store,40.970678809203484,5,204.85,2.3,0,611,Low
ORD101486,2025-03-01,2025-03,North,Electronics,Online,170.6784255744178,5,853.39,4.8,0,870,High
ORD101487,2025-01-01,2025-01,South,Apparel,In-Store,37.44239741269305,2,74.88,4.2,0,390,Medium
ORD101488,2025-02-10,2025-02,North,Beauty,Online,40.69898433290386,4,162.8,5.2,1,738,Low
ORD101489,2025-07-05,2025-07,East,Apparel,Online,52.50428299297005,2,105.01,5.3,1,789,Low
ORD101490,2025-04-11,2025-04,East,Electronics,In-Store,295.84981017241887,2,591.7,1.7,0,581,Low
ORD101491,2025-06-28,2025-06,West,Home & Kitchen,Online,70.38342872219589,4,281.53,4.3,0,712,Low
ORD101492,2025-01-11,2025-01,South,Beauty,Online,38.997280051819395,4,155.99,4.7,0,507,Medium
ORD101493,2025-05-02,2025-05,South,Beauty,Online,28.60772894393366,3,85.82,3.5,0,724,Low
ORD101494,2025-05-30,2025-05,East,Home & Kitchen,Online,64.0749189428592,1,64.07,2.3,0,303,Low
ORD101495,2025-06-07,2025-06,South,Apparel,In-Store,56.84827365013219,3,170.54,3.5,0,473,Medium
ORD101496,2025-07-21,2025-07,East,Home & Kitchen,In-Store,59.340407384314005,2,118.68,2.5,0,70,Low
ORD101497,2025-10-12,2025-10,North,Sports,Online,59.00381923526858,1,59.0,4.0,0,177,High
ORD101498,2025-06-20,2025-06,West,Beauty,In-Store,38.20560803874451,1,38.21,5.1,1,521,Medium
ORD101499,2025-11-04,2025-11,North,Sports,In-Store,67.9217668687534,3,203.77,3.6,0,652,Low
ORD101500,2025-07-13,2025-07,West,Apparel,In-Store,47.81906940509034,1,47.82,4.7,0,27,Low
ORD101501,2025-04-06,2025-04,East,Electronics,Online,208.45962391155143,4,833.84,3.7,0,62,Low
ORD101502,2025-03-25,2025-03,North,Home & Kitchen,Online,60.20312650172912,1,60.2,4.4,0,6,High
ORD101503,2025-04-28,2025-04,East,Electronics,Online,306.6096858495284,2,613.22,3.8,0,466,Low
ORD101504,2025-08-07,2025-08,North,Electronics,Online,180.91515391565744,5,904.58,3.2,0,302,High
ORD101505,2025-03-30,2025-03,East,Apparel,In-Store,39.542216961745375,4,158.17,5.6,1,48,High
ORD101506,2025-11-30,2025-11,East,Home & Kitchen,Online,69.21128269969859,3,207.63,1.2,0,714,Low
ORD101507,2025-06-25,2025-06,North,Beauty,Online,40.06676954039976,1,40.07,1.5,0,476,Medium
ORD101508,2025-11-12,2025-11,North,Sports,In-Store,74.07491249438827,1,74.07,3.5,0,10,Medium
ORD101509,2025-09-07,2025-09,East,Beauty,Online,30.603925788226068,5,153.02,3.7,0,617,Low
ORD101510,2025-05-02,2025-05,North,Sports,Online,82.12776742597808,4,328.51,2.0,0,820,High
ORD101511,2025-03-25,2025-03,West,Sports,In-Store,44.216901993030554,5,221.08,2.5,0,377,Low
ORD101512,2025-09-29,2025-09,East,Electronics,In-Store,291.6252387081344,5,1458.13,2.2,0,854,High
ORD101513,2025-05-01,2025-05,East,Home & Kitchen,Online,59.38393079853691,1,59.38,5.1,1,375,Medium
ORD101514,2025-04-01,2025-04,North,Electronics,In-Store,214.23412717392281,5,1071.17,4.5,0,70,Low
ORD101515,2025-12-06,2025-12,East,Electronics,In-Store,162.3167512699794,3,486.95,5.3,1,111,Low
ORD101516,2025-06-26,2025-06,West,Electronics,In-Store,307.8412247306835,4,1231.36,1.9,0,61,Low
ORD101517,2025-01-18,2025-01,North,Sports,Online,80.40435910502526,3,241.21,2.1,0,272,Low
ORD101518,2025-06-30,2025-06,South,Sports,In-Store,66.5615561203417,4,266.25,2.8,0,346,Medium
ORD101519,2025-06-18,2025-06,North,Beauty,In-Store,25.574736053963154,5,127.87,4.5,0,400,Low
ORD101520,2025-11-12,2025-11,South,Beauty,Online,26.81233222914685,5,134.06,5.7,1,433,High
ORD101521,2025-09-17,2025-09,East,Beauty,In-Store,30.440410687199527,3,91.32,3.4,0,777,Low
ORD101522,2025-03-11,2025-03,South,Electronics,In-Store,203.70814810382123,2,407.42,4.8,0,11,Low
ORD101523,2025-02-24,2025-02,East,Beauty,Online,21.447592014133754,4,85.79,3.9,0,808,Low
ORD101524,2025-08-09,2025-08,South,Sports,In-Store,69.56275234091964,3,208.69,3.2,0,215,Low
ORD101525,2025-01-18,2025-01,North,Beauty,Online,33.881985985959325,2,67.76,4.3,0,858,Medium
ORD101526,2025-04-27,2025-04,North,Electronics,In-Store,293.26384829570145,4,1173.06,2.8,0,122,Low
ORD101527,2025-02-20,2025-02,West,Electronics,In-Store,227.43552217623935,1,227.44,2.4,0,91,Medium
ORD101528,2025-01-08,2025-01,East,Beauty,Online,28.238888197766144,3,84.72,4.7,0,110,Medium
ORD101529,2025-12-02,2025-12,South,Electronics,Online,232.7736461693361,4,931.09,4.7,0,267,Low
ORD101530,2025-02-02,2025-02,East,Apparel,Online,37.632892213218945,5,188.16,4.3,0,847,Low
ORD101531,2025-01-04,2025-01,North,Apparel,In-Store,51.204521082480774,4,204.82,2.9,0,417,Low
ORD101532,2025-12-07,2025-12,North,Electronics,Online,272.58506394968487,5,1362.93,4.8,0,149,Low
ORD101533,2025-03-10,2025-03,North,Electronics,In-Store,177.6331038598566,5,888.17,3.3,0,577,Medium
ORD101534,2025-10-26,2025-10,West,Beauty,Online,27.68604757034191,2,55.37,3.4,0,457,Low
ORD101535,2025-01-12,2025-01,East,Beauty,Online,39.22382056669437,5,196.12,4.4,0,632,Low
ORD101536,2025-02-26,2025-02,East,Beauty,In-Store,31.616166721310258,2,63.23,3.7,0,667,Low
ORD101537,2025-02-10,2025-02,North,Apparel,Online,48.25285437034272,4,193.01,4.3,0,707,Low
ORD101538,2025-09-15,2025-09,North,Electronics,Online,265.25086234621614,2,530.5,4.9,0,136,High
ORD101539,2025-08-15,2025-08,East,Apparel,Online,49.70362367947178,3,149.11,3.3,0,446,Medium
ORD101540,2025-06-23,2025-06,South,Apparel,Online,33.6917626943253,4,134.77,6.0,1,567,Medium
ORD101541,2025-03-30,2025-03,West,Electronics,Online,277.81010362690745,5,1389.05,2.4,0,501,Low
ORD101542,2025-02-02,2025-02,East,Sports,Online,80.75911356443564,5,403.8,3.9,0,875,Low
ORD101543,2025-07-27,2025-07,South,Beauty,Online,22.118821892807055,5,110.59,4.9,0,864,Low
ORD101544,2025-03-26,2025-03,East,Home & Kitchen,Online,62.78998636162285,3,188.37,5.7,1,730,Medium
ORD101545,2025-08-04,2025-08,West,Apparel,Online,53.61221886953563,5,268.06,4.3,0,216,Low
ORD101546,2025-09-08,2025-09,South,Apparel,Online,50.54092887420755,1,50.54,5.9,1,476,Low
ORD101547,2025-11-07,2025-11,East,Electronics,Online,212.90761784164886,5,1064.54,1.9,0,723,Medium
ORD101548,2025-06-30,2025-06,West,Electronics,In-Store,237.0442919368172,2,474.09,3.4,0,242,Medium
ORD101549,2025-01-02,2025-01,North,Home & Kitchen,Online,95.38695980805929,3,286.16,2.7,0,640,Low
ORD101550,2025-04-13,2025-04,West,Apparel,Online,47.391008549249264,5,236.96,7.5,1,225,Low
ORD101551,2025-11-08,2025-11,North,Home & Kitchen,Online,63.85054617959636,4,255.4,2.9,0,126,High
ORD101552,2025-07-14,2025-07,East,Sports,In-Store,45.75631322359819,5,228.78,3.4,0,216,Low
ORD101553,2025-08-14,2025-08,East,Electronics,In-Store,221.58424521901077,4,886.34,3.5,0,833,High
ORD101554,2025-06-17,2025-06,East,Electronics,In-Store,296.1242527087204,4,1184.5,1.4,0,895,Low
ORD101555,2025-03-01,2025-03,South,Electronics,In-Store,239.89799290510805,1,239.9,3.9,0,769,High
ORD101556,2025-11-24,2025-11,East,Electronics,In-Store,209.16589062874874,5,1045.83,3.8,0,244,High
ORD101557,2025-10-10,2025-10,North,Home & Kitchen,In-Store,106.88754549317798,4,427.55,3.1,0,701,Low
ORD101558,2025-12-30,2025-12,North,Sports,Online,58.3225505595154,4,233.29,1.0,0,197,Medium
ORD101559,2025-11-09,2025-11,North,Beauty,In-Store,31.69207609962188,3,95.08,2.3,0,114,Low
ORD101560,2025-04-17,2025-04,East,Home & Kitchen,In-Store,62.52396251520838,5,312.62,4.5,0,233,Low
ORD101561,2025-04-03,2025-04,South,Apparel,In-Store,54.7281297838605,3,164.18,5.2,1,126,Low
ORD101562,2025-04-01,2025-04,North,Electronics,Online,261.8466554001322,1,261.85,5.2,1,576,Medium
ORD101563,2025-12-02,2025-12,West,Apparel,In-Store,56.51868577506886,1,56.52,2.6,0,615,Low
ORD101564,2025-07-23,2025-07,South,Apparel,Online,41.74352637297454,4,166.97,6.7,1,33,Low
ORD101565,2025-06-15,2025-06,South,Beauty,Online,30.15711760039003,4,120.63,5.1,1,97,High
ORD101566,2025-12-20,2025-12,South,Apparel,Online,36.802763913106745,2,73.61,7.1,1,431,High
ORD101567,2025-08-09,2025-08,North,Electronics,Online,302.5337509188609,4,1210.14,3.7,0,102,Low
ORD101568,2025-11-28,2025-11,East,Apparel,In-Store,34.2114364433483,5,171.06,1.0,0,745,Low
ORD101569,2025-12-26,2025-12,South,Electronics,Online,253.94804876592028,3,761.84,6.2,1,360,Low
ORD101570,2025-01-29,2025-01,North,Beauty,Online,35.8104052858689,5,179.05,3.2,0,372,Low
ORD101571,2025-05-12,2025-05,West,Electronics,Online,178.29141694225086,1,178.29,4.0,0,5,High
ORD101572,2025-09-25,2025-09,West,Electronics,In-Store,210.2597736978954,3,630.78,2.1,0,631,High
ORD101573,2025-10-24,2025-10,East,Electronics,In-Store,160.64149128142242,3,481.92,5.2,1,649,Low
ORD101574,2025-02-24,2025-02,West,Sports,In-Store,65.37754681863892,2,130.76,3.2,0,680,Low
ORD101575,2025-04-27,2025-04,West,Home & Kitchen,Online,111.71653599812295,1,111.72,6.4,1,486,Low
ORD101576,2025-07-20,2025-07,South,Home & Kitchen,In-Store,80.07355758204088,3,240.22,4.0,0,243,Low
ORD101577,2025-10-19,2025-10,East,Apparel,In-Store,62.68525894174749,2,125.37,2.2,0,71,Low
ORD101578,2025-02-11,2025-02,East,Electronics,Online,173.4387152665802,2,346.88,5.6,1,284,Low
ORD101579,2025-08-08,2025-08,North,Beauty,Online,29.24154120862371,2,58.48,3.6,0,489,Low
ORD101580,2025-04-19,2025-04,North,Electronics,Online,292.90260538746463,3,878.71,3.6,0,105,Low
ORD101581,2025-03-20,2025-03,North,Electronics,Online,289.0111041752507,5,1445.06,2.2,0,49,Medium
ORD101582,2025-07-08,2025-07,East,Home & Kitchen,Online,74.12112836070791,3,222.36,3.5,0,196,Medium
ORD101583,2025-06-01,2025-06,East,Electronics,Online,258.506029900323,3,775.52,4.5,0,64,Low
ORD101584,2025-08-21,2025-08,East,Electronics,Online,290.46866641989976,2,580.94,2.4,0,13,Low
ORD101585,2025-04-26,2025-04,South,Sports,Online,74.20885357843557,3,222.63,4.6,0,437,Medium
ORD101586,2025-10-28,2025-10,North,Apparel,Online,51.297000203386894,2,102.59,3.2,0,670,Low
ORD101587,2025-01-29,2025-01,South,Electronics,In-Store,177.49664464224347,5,887.48,4.6,0,450,High
ORD101588,2025-11-11,2025-11,South,Apparel,Online,33.79958481597275,3,101.4,7.0,1,83,Low
ORD101589,2025-01-11,2025-01,West,Sports,Online,67.81413155229555,3,203.44,4.1,0,305,High
ORD101590,2025-09-26,2025-09,West,Electronics,In-Store,231.04245251612264,1,231.04,3.0,0,32,Low
ORD101591,2025-05-07,2025-05,West,Electronics,Online,190.65764559864857,5,953.29,7.8,1,559,Medium
ORD101592,2025-05-20,2025-05,West,Home & Kitchen,Online,72.39510851770538,3,217.19,4.0,0,210,Low
ORD101593,2025-01-07,2025-01,West,Home & Kitchen,Online,77.95688192327896,1,77.96,4.3,0,349,Medium
ORD101594,2025-09-14,2025-09,South,Beauty,Online,31.405937894572617,1,31.41,4.8,0,811,Medium
ORD101595,2025-03-02,2025-03,North,Apparel,Online,43.79315752628499,2,87.59,3.4,0,528,Low
ORD101596,2025-08-29,2025-08,North,Electronics,Online,213.64291750123886,4,854.57,3.8,0,688,Medium
ORD101597,2025-09-22,2025-09,South,Home & Kitchen,Online,62.48103743343576,1,62.48,6.3,1,315,Low
ORD101598,2025-11-05,2025-11,North,Home & Kitchen,Online,104.47306342229922,1,104.47,4.2,0,837,Low
ORD101599,2025-09-16,2025-09,North,Electronics,In-Store,247.8097285938265,3,743.43,4.3,0,643,Low
ORD101600,2025-04-21,2025-04,West,Home & Kitchen,Online,64.18172233771266,3,192.55,5.8,1,464,Medium
ORD101601,2025-09-27,2025-09,North,Electronics,Online,219.2766580432021,5,1096.38,4.0,0,521,High
ORD101602,2025-10-29,2025-10,West,Sports,Online,59.502068305240904,4,238.01,5.0,0,561,Low
ORD101603,2025-04-26,2025-04,East,Sports,In-Store,67.22607689654315,4,268.9,4.6,0,144,Medium
ORD101604,2025-02-15,2025-02,East,Apparel,In-Store,50.67939296225394,2,101.36,2.0,0,227,High
ORD101605,2025-11-21,2025-11,East,Beauty,In-Store,34.54966487657501,4,138.2,6.3,1,617,Medium
ORD101606,2025-02-23,2025-02,South,Beauty,Online,35.655964204219956,3,106.97,4.6,0,397,Low
ORD101607,2025-08-05,2025-08,East,Electronics,Online,169.9165231038685,2,339.83,3.6,0,705,Low
ORD101608,2025-03-28,2025-03,North,Apparel,In-Store,41.10504931804358,2,82.21,1.5,0,473,Low
ORD101609,2025-02-15,2025-02,West,Home & Kitchen,Online,56.97147787366965,5,284.86,3.1,0,60,Low
ORD101610,2025-10-11,2025-10,South,Electronics,In-Store,224.01479286037898,3,672.04,5.7,1,598,Low
ORD101611,2025-02-22,2025-02,North,Apparel,Online,45.02704745165404,3,135.08,6.4,1,549,Medium
ORD101612,2025-09-02,2025-09,East,Electronics,Online,267.0863472476397,4,1068.35,3.3,0,328,Medium
ORD101613,2025-09-10,2025-09,East,Beauty,Online,24.50945587876508,2,49.02,4.4,0,711,Medium
ORD101614,2025-01-22,2025-01,South,Apparel,Online,51.39207539945359,2,102.78,5.5,1,316,Low
ORD101615,2025-03-05,2025-03,East,Sports,In-Store,54.88115631306639,5,274.41,4.5,0,104,Low
ORD101616,2025-10-17,2025-10,North,Apparel,Online,43.53036895650552,5,217.65,6.4,1,109,Medium
ORD101617,2025-07-05,2025-07,East,Electronics,Online,264.7701768052039,3,794.31,5.8,1,811,Low
ORD101618,2025-02-14,2025-02,North,Beauty,Online,22.502509020045082,5,112.51,3.4,0,339,High
ORD101619,2025-12-28,2025-12,North,Electronics,In-Store,206.78856489539902,2,413.58,3.6,0,373,Low
ORD101620,2025-04-07,2025-04,North,Electronics,Online,214.2637774415064,4,857.06,4.5,0,275,Low
ORD101621,2025-01-02,2025-01,South,Apparel,In-Store,54.046103323327564,1,54.05,4.5,0,664,Medium
ORD101622,2025-12-04,2025-12,South,Home & Kitchen,In-Store,67.15656724395924,4,268.63,3.2,0,545,Medium
ORD101623,2025-01-07,2025-01,South,Apparel,Online,61.34350930124958,1,61.34,4.2,0,809,Low
ORD101624,2025-07-21,2025-07,North,Electronics,In-Store,307.65534073030034,2,615.31,4.4,0,805,Medium
ORD101625,2025-12-29,2025-12,North,Apparel,In-Store,57.29566943583174,5,286.48,4.5,0,890,Low
ORD101626,2025-07-30,2025-07,South,Electronics,Online,200.15572522538332,2,400.31,5.0,0,296,Low
ORD101627,2025-08-02,2025-08,North,Electronics,Online,256.2354647272196,3,768.71,4.0,0,525,Low
ORD101628,2025-05-22,2025-05,East,Home & Kitchen,Online,60.65628977508425,5,303.28,5.4,1,312,Medium
ORD101629,2025-02-16,2025-02,West,Electronics,In-Store,288.1770146188026,5,1440.89,1.8,0,634,Medium
ORD101630,2025-07-29,2025-07,South,Apparel,Online,47.753775444698626,3,143.26,4.7,0,673,Low
ORD101631,2025-11-24,2025-11,West,Home & Kitchen,In-Store,65.880593313908,1,65.88,6.2,1,227,Medium
ORD101632,2025-02-03,2025-02,North,Sports,Online,55.751495501591506,2,111.5,4.1,0,773,Medium
ORD101633,2025-11-18,2025-11,North,Electronics,Online,277.3143826511481,4,1109.26,2.3,0,261,Low
ORD101634,2025-06-01,2025-06,East,Apparel,Online,58.91214317395196,2,117.82,4.1,0,884,Low
ORD101635,2025-07-15,2025-07,East,Electronics,In-Store,234.03586158790117,4,936.14,4.5,0,765,Low
ORD101636,2025-03-02,2025-03,West,Beauty,Online,31.086541506524135,5,155.43,1.4,0,17,Low
ORD101637,2025-08-15,2025-08,North,Electronics,In-Store,269.6131509692019,4,1078.45,3.2,0,359,High
ORD101638,2025-03-08,2025-03,East,Electronics,Online,281.2332018678574,4,1124.93,3.6,0,350,Medium
ORD101639,2025-04-10,2025-04,South,Apparel,Online,55.59267459046834,3,166.78,3.2,0,740,Low
ORD101640,2025-09-21,2025-09,South,Electronics,Online,213.201919736068,1,213.2,5.3,1,652,Low
ORD101641,2025-01-19,2025-01,North,Electronics,In-Store,252.8565672878352,3,758.57,2.8,0,46,Low
ORD101642,2025-06-13,2025-06,West,Electronics,Online,286.0334258737229,5,1430.17,4.5,0,756,Low
ORD101643,2025-08-06,2025-08,North,Home & Kitchen,In-Store,64.49859550665549,4,257.99,2.6,0,197,Low
ORD101644,2025-02-18,2025-02,West,Home & Kitchen,Online,77.73565436643793,4,310.94,3.3,0,333,Low
ORD101645,2025-04-18,2025-04,East,Home & Kitchen,In-Store,59.17065749701482,5,295.85,1.6,0,153,Low
ORD101646,2025-05-06,2025-05,East,Sports,Online,59.1728459988708,2,118.35,3.2,0,142,Low
ORD101647,2025-08-31,2025-08,East,Apparel,Online,55.826885643437436,2,111.65,5.0,0,474,Low
ORD101648,2025-12-23,2025-12,West,Beauty,Online,25.137597311937334,5,125.69,4.8,0,77,Low
ORD101649,2025-11-02,2025-11,North,Sports,Online,64.75926034722411,3,194.28,3.6,0,73,Low
ORD101650,2025-03-11,2025-03,North,Sports,Online,43.53660080371674,4,174.15,2.5,0,707,Low
ORD101651,2025-01-07,2025-01,East,Sports,Online,79.70129961072963,4,318.81,3.6,0,310,Low
ORD101652,2025-01-19,2025-01,South,Apparel,Online,57.33014788936421,1,57.33,6.1,1,583,Low
ORD101653,2025-08-06,2025-08,North,Apparel,In-Store,48.01888954129257,2,96.04,3.6,0,887,High
ORD101654,2025-02-27,2025-02,North,Apparel,Online,53.73229037311641,2,107.46,3.1,0,46,Low
ORD101655,2025-03-26,2025-03,South,Electronics,In-Store,170.00308938980427,1,170.0,1.4,0,715,Medium
ORD101656,2025-11-06,2025-11,North,Apparel,Online,58.12409913651716,4,232.5,2.9,0,99,Low
ORD101657,2025-11-15,2025-11,North,Electronics,Online,264.15027578505277,5,1320.75,3.1,0,684,Low
ORD101658,2025-11-03,2025-11,West,Electronics,Online,172.47497909566238,5,862.37,3.4,0,276,Low
ORD101659,2025-04-03,2025-04,South,Beauty,Online,41.59447498749432,1,41.59,4.7,0,122,Medium
ORD101660,2025-08-15,2025-08,West,Home & Kitchen,Online,57.26170487556101,3,171.79,5.5,1,206,High
ORD101661,2025-08-11,2025-08,West,Home & Kitchen,In-Store,91.19660830519533,2,182.39,3.8,0,328,Low
ORD101662,2025-03-09,2025-03,North,Apparel,In-Store,36.91028239733573,1,36.91,4.2,0,657,Low
ORD101663,2025-07-22,2025-07,East,Home & Kitchen,Online,96.27842835629406,4,385.11,2.2,0,612,Medium
ORD101664,2025-07-11,2025-07,East,Beauty,Online,22.478531333344357,5,112.39,3.6,0,656,Low
ORD101665,2025-05-25,2025-05,East,Home & Kitchen,Online,60.541649439214495,1,60.54,1.7,0,20,Low
ORD101666,2025-10-02,2025-10,North,Home & Kitchen,Online,82.11233747153541,4,328.45,3.2,0,877,Medium
ORD101667,2025-09-05,2025-09,North,Apparel,Online,62.811298160160256,1,62.81,2.4,0,391,Low
ORD101668,2025-07-14,2025-07,North,Apparel,Online,40.21026155277551,5,201.05,5.2,1,101,Medium
ORD101669,2025-09-22,2025-09,East,Home & Kitchen,Online,90.30157700236526,1,90.3,4.5,0,835,Low
ORD101670,2025-10-06,2025-10,West,Beauty,Online,31.89058056185894,3,95.67,5.7,1,713,Low
ORD101671,2025-07-26,2025-07,East,Apparel,In-Store,58.02676770398878,1,58.03,2.8,0,75,High
ORD101672,2025-04-08,2025-04,East,Apparel,Online,40.590572642712544,3,121.77,2.8,0,393,Low
ORD101673,2025-10-04,2025-10,West,Apparel,Online,48.980747992411814,3,146.94,3.2,0,815,Low
ORD101674,2025-09-19,2025-09,East,Apparel,In-Store,61.4446407258132,3,184.33,3.6,0,614,Low
ORD101675,2025-12-25,2025-12,North,Beauty,In-Store,27.984301975057207,5,139.92,5.2,1,175,Low
ORD101676,2025-02-24,2025-02,West,Sports,Online,60.4550344150276,5,302.28,5.0,0,630,Low
ORD101677,2025-06-03,2025-06,South,Apparel,Online,59.497619406865645,2,119.0,4.8,0,171,Low
ORD101678,2025-12-04,2025-12,North,Apparel,In-Store,41.97371400288542,5,209.87,2.8,0,317,Low
ORD101679,2025-07-07,2025-07,South,Apparel,Online,43.49122358596519,3,130.47,5.2,1,176,Low
ORD101680,2025-12-11,2025-12,West,Electronics,Online,200.83429656716552,1,200.83,6.9,1,624,Medium
ORD101681,2025-01-05,2025-01,North,Home & Kitchen,Online,101.3337570182041,4,405.34,5.2,1,838,Low
ORD101682,2025-01-13,2025-01,South,Sports,Online,81.07625275838674,4,324.31,5.5,1,40,High
ORD101683,2025-10-18,2025-10,North,Home & Kitchen,In-Store,91.3415373173467,2,182.68,3.1,0,543,Low
ORD101684,2025-05-11,2025-05,North,Electronics,In-Store,250.03904021398648,3,750.12,3.4,0,224,Low
ORD101685,2025-07-09,2025-07,North,Sports,In-Store,58.38015202795335,3,175.14,3.6,0,675,High
ORD101686,2025-06-06,2025-06,East,Sports,In-Store,42.52431748200286,1,42.52,2.8,0,126,Medium
ORD101687,2025-05-29,2025-05,West,Electronics,Online,180.7863902188303,2,361.57,3.5,0,330,Low
ORD101688,2025-12-09,2025-12,North,Home & Kitchen,In-Store,64.25654785705312,3,192.77,4.2,0,186,Low
ORD101689,2025-02-04,2025-02,North,Home & Kitchen,In-Store,62.48939215753005,2,124.98,3.0,0,786,Medium
ORD101690,2025-10-09,2025-10,North,Sports,Online,69.4699872742426,5,347.35,4.8,0,75,Low
ORD101691,2025-11-21,2025-11,North,Electronics,Online,174.99773866556484,2,350.0,5.7,1,524,Low
ORD101692,2025-08-28,2025-08,East,Electronics,Online,167.18762869065475,4,668.75,4.6,0,109,Low
ORD101693,2025-05-25,2025-05,East,Apparel,Online,43.55131745669853,1,43.55,4.4,0,540,Medium
ORD101694,2025-02-28,2025-02,East,Electronics,Online,192.34949009705636,2,384.7,7.8,1,691,Medium
ORD101695,2025-09-07,2025-09,South,Apparel,Online,36.094607187530286,5,180.47,5.4,1,677,Low
ORD101696,2025-06-21,2025-06,East,Sports,Online,48.13737077345985,5,240.69,2.7,0,30,High
ORD101697,2025-02-24,2025-02,North,Electronics,Online,193.45567884454593,5,967.28,3.4,0,696,Low
ORD101698,2025-05-12,2025-05,North,Apparel,Online,48.4107675463453,1,48.41,5.6,1,267,Medium
ORD101699,2025-12-17,2025-12,West,Beauty,Online,36.920007601916275,5,184.6,2.9,0,613,Low
ORD101700,2025-04-07,2025-04,East,Home & Kitchen,Online,103.7554920221198,2,207.51,3.1,0,867,Medium
ORD101701,2025-03-07,2025-03,West,Apparel,In-Store,55.16966226677377,1,55.17,5.1,1,107,Low
ORD101702,2025-09-06,2025-09,West,Home & Kitchen,Online,91.17994254343355,1,91.18,4.2,0,327,Low
ORD101703,2025-03-14,2025-03,East,Electronics,Online,293.7741849380004,4,1175.1,3.9,0,780,Low
ORD101704,2025-12-02,2025-12,West,Electronics,Online,234.0394676210746,3,702.12,5.8,1,128,High
ORD101705,2025-11-10,2025-11,South,Home & Kitchen,In-Store,91.46798308780672,3,274.4,3.6,0,235,Low
ORD101706,2025-12-25,2025-12,North,Apparel,In-Store,44.46604733545385,5,222.33,1.2,0,494,Low
ORD101707,2025-11-30,2025-11,North,Apparel,Online,41.8126023277435,1,41.81,2.0,0,896,Low
ORD101708,2025-03-30,2025-03,North,Electronics,Online,205.08361403703302,1,205.08,4.4,0,265,Medium
ORD101709,2025-03-19,2025-03,North,Sports,In-Store,48.22932583191629,5,241.15,3.3,0,347,Medium
ORD101710,2025-05-06,2025-05,South,Electronics,In-Store,276.6760382037731,4,1106.7,3.7,0,716,Low
ORD101711,2025-06-21,2025-06,East,Sports,Online,44.325459542008836,4,177.3,2.6,0,108,Low
ORD101712,2025-11-18,2025-11,East,Apparel,Online,52.75258517858238,3,158.26,3.7,0,295,Medium
ORD101713,2025-09-25,2025-09,East,Home & Kitchen,Online,104.409770798874,1,104.41,5.3,1,285,Low
ORD101714,2025-08-24,2025-08,North,Electronics,Online,230.60396543574655,3,691.81,2.7,0,361,Low
ORD101715,2025-11-17,2025-11,East,Electronics,In-Store,164.81092040359871,5,824.05,2.5,0,516,Low
ORD101716,2025-08-24,2025-08,South,Home & Kitchen,In-Store,79.99137785166589,1,79.99,3.1,0,200,Low
ORD101717,2025-05-19,2025-05,North,Home & Kitchen,In-Store,75.22068976141159,1,75.22,2.6,0,352,High
ORD101718,2025-05-31,2025-05,North,Electronics,In-Store,305.7730551721123,2,611.55,3.4,0,825,Medium
ORD101719,2025-07-08,2025-07,South,Apparel,Online,53.27485385099674,3,159.82,7.7,1,745,Low
ORD101720,2025-02-02,2025-02,North,Apparel,In-Store,54.22283385211097,4,216.89,3.3,0,860,Medium
ORD101721,2025-09-28,2025-09,West,Electronics,Online,233.43734552018356,1,233.44,4.4,0,614,Low
ORD101722,2025-08-27,2025-08,East,Home & Kitchen,Online,95.7271982487574,5,478.64,5.0,0,524,High
ORD101723,2025-09-24,2025-09,East,Electronics,In-Store,265.2759304152139,1,265.28,4.1,0,192,Low
ORD101724,2025-07-14,2025-07,North,Home & Kitchen,Online,59.71609732178187,2,119.43,3.0,0,143,High
ORD101725,2025-10-13,2025-10,West,Electronics,In-Store,188.2814047694996,5,941.41,6.6,1,485,High
ORD101726,2025-12-13,2025-12,East,Apparel,In-Store,31.908477996009907,2,63.82,3.3,0,364,High
ORD101727,2025-07-28,2025-07,North,Apparel,In-Store,47.55893328675001,3,142.68,3.3,0,708,Low
ORD101728,2025-06-12,2025-06,East,Apparel,In-Store,59.087695427334836,3,177.26,4.0,0,9,Medium
ORD101729,2025-02-08,2025-02,South,Apparel,Online,50.70096784290284,2,101.4,5.6,1,802,Medium
ORD101730,2025-10-12,2025-10,South,Beauty,Online,31.504358083961897,3,94.51,7.0,1,154,Low
ORD101731,2025-11-26,2025-11,North,Apparel,In-Store,60.66792419973516,4,242.67,2.3,0,356,Low
ORD101732,2025-09-13,2025-09,South,Sports,Online,49.23317746291366,1,49.23,6.1,1,321,Medium
ORD101733,2025-11-12,2025-11,North,Electronics,In-Store,165.4890634562836,5,827.45,3.2,0,832,High
ORD101734,2025-11-11,2025-11,North,Apparel,Online,60.3951306969061,1,60.4,4.9,0,648,Medium
ORD101735,2025-10-19,2025-10,North,Electronics,Online,293.0283902574972,5,1465.14,3.4,0,33,Low
ORD101736,2025-07-03,2025-07,West,Apparel,Online,53.01363331570791,5,265.07,4.1,0,767,Medium
ORD101737,2025-02-06,2025-02,North,Home & Kitchen,In-Store,69.7748330773789,5,348.87,3.9,0,609,Low
ORD101738,2025-01-02,2025-01,South,Sports,In-Store,82.73008903758355,4,330.92,4.9,0,62,Low
ORD101739,2025-03-16,2025-03,South,Home & Kitchen,In-Store,98.85939570101428,5,494.3,3.5,0,704,Medium
ORD101740,2025-06-07,2025-06,West,Home & Kitchen,Online,93.73809668074146,5,468.69,6.1,1,31,Medium
ORD101741,2025-09-29,2025-09,East,Electronics,Online,188.32834389837893,4,753.31,4.9,0,383,Medium
ORD101742,2025-06-16,2025-06,West,Electronics,Online,233.0157324314998,5,1165.08,4.4,0,146,Low
ORD101743,2025-01-09,2025-01,North,Sports,Online,76.54820213447398,2,153.1,3.1,0,10,Low
ORD101744,2025-03-18,2025-03,North,Electronics,Online,286.480074608772,5,1432.4,4.1,0,504,Medium
ORD101745,2025-12-24,2025-12,East,Electronics,Online,240.46023783339524,5,1202.3,4.8,0,618,Low
ORD101746,2025-12-27,2025-12,South,Beauty,Online,31.978670718104546,4,127.91,3.3,0,432,High
ORD101747,2025-05-18,2025-05,West,Beauty,Online,35.65136039446045,1,35.65,5.0,0,308,High
ORD101748,2025-10-21,2025-10,West,Home & Kitchen,In-Store,85.58193528149846,2,171.16,4.6,0,462,High
ORD101749,2025-09-20,2025-09,South,Apparel,In-Store,44.65695269906832,1,44.66,1.7,0,137,High
ORD101750,2025-12-06,2025-12,West,Sports,Online,45.58759847982432,3,136.76,4.7,0,45,Low
ORD101751,2025-11-20,2025-11,East,Electronics,Online,173.41165006019932,3,520.23,4.8,0,142,Low
ORD101752,2025-08-18,2025-08,North,Apparel,In-Store,55.448677248321026,5,277.24,3.7,0,49,Medium
ORD101753,2025-05-25,2025-05,South,Apparel,In-Store,32.276918035664444,2,64.55,5.5,1,692,Low
ORD101754,2025-08-17,2025-08,North,Beauty,In-Store,22.09840554174978,1,22.1,2.6,0,548,Medium
ORD101755,2025-04-27,2025-04,West,Beauty,Online,39.997515139814766,4,159.99,3.3,0,169,Low
ORD101756,2025-05-08,2025-05,North,Home & Kitchen,Online,95.42383835346234,1,95.42,1.5,0,513,High
ORD101757,2025-08-11,2025-08,South,Electronics,In-Store,154.6487591747785,5,773.24,5.8,1,436,Low
ORD101758,2025-07-28,2025-07,East,Apparel,Online,41.32936629217849,1,41.33,4.8,0,101,Medium
ORD101759,2025-08-01,2025-08,North,Electronics,Online,271.5510429317139,3,814.65,5.1,1,873,Low
ORD101760,2025-05-21,2025-05,North,Beauty,In-Store,29.769616799522368,5,148.85,2.1,0,844,Medium
ORD101761,2025-05-30,2025-05,East,Electronics,Online,226.19486472014918,3,678.58,5.0,0,683,High
ORD101762,2025-01-04,2025-01,North,Electronics,In-Store,224.6550554010925,5,1123.28,1.2,0,728,Low
ORD101763,2025-08-08,2025-08,South,Sports,In-Store,50.4896449368797,3,151.47,3.5,0,492,Low
ORD101764,2025-07-30,2025-07,South,Apparel,Online,54.22383029379521,4,216.9,5.4,1,723,Low
ORD101765,2025-12-08,2025-12,North,Sports,In-Store,46.32626588189753,4,185.31,3.8,0,475,Medium
ORD101766,2025-07-04,2025-07,North,Electronics,Online,232.11667025418734,3,696.35,5.7,1,150,Medium
ORD101767,2025-06-20,2025-06,East,Sports,In-Store,49.13814475329319,1,49.14,3.0,0,151,Medium
ORD101768,2025-01-25,2025-01,West,Electronics,In-Store,161.16605267488202,5,805.83,2.8,0,768,Low
ORD101769,2025-03-13,2025-03,North,Electronics,In-Store,176.0595582048639,1,176.06,1.9,0,402,Low
ORD101770,2025-05-04,2025-05,West,Apparel,Online,58.884050493819856,2,117.77,3.7,0,656,High
ORD101771,2025-05-18,2025-05,East,Electronics,In-Store,181.126740376191,4,724.51,6.0,1,131,Medium
ORD101772,2025-05-13,2025-05,East,Home & Kitchen,In-Store,71.58867570469162,4,286.35,4.2,0,403,Low
ORD101773,2025-05-24,2025-05,East,Electronics,In-Store,175.26659738594253,3,525.8,4.6,0,76,Low
ORD101774,2025-10-08,2025-10,East,Electronics,Online,267.2739456552948,3,801.82,3.7,0,199,Low
ORD101775,2025-02-17,2025-02,West,Sports,Online,60.70886502477307,3,182.13,4.5,0,99,Medium
ORD101776,2025-05-02,2025-05,South,Electronics,In-Store,299.3197959513409,5,1496.6,5.3,1,188,Medium
ORD101777,2025-03-01,2025-03,South,Home & Kitchen,Online,93.20217660588253,2,186.4,4.6,0,546,Medium
ORD101778,2025-04-23,2025-04,South,Sports,Online,64.3183472604444,5,321.59,4.9,0,5,Medium
ORD101779,2025-09-07,2025-09,North,Electronics,In-Store,255.12116347073786,1,255.12,2.2,0,175,High
ORD101780,2025-01-18,2025-01,East,Sports,In-Store,43.69786609480589,4,174.79,2.8,0,622,Low
ORD101781,2025-05-04,2025-05,North,Electronics,In-Store,300.4016800598183,4,1201.61,3.1,0,135,Low
ORD101782,2025-01-09,2025-01,North,Apparel,Online,61.627532728143315,4,246.51,2.7,0,500,Low
ORD101783,2025-12-15,2025-12,North,Electronics,Online,196.52553975755154,3,589.58,4.0,0,780,High
ORD101784,2025-09-23,2025-09,North,Sports,Online,68.3884102752116,4,273.55,4.0,0,702,Medium
ORD101785,2025-03-30,2025-03,East,Home & Kitchen,Online,67.30725367183298,3,201.92,3.8,0,110,Low
ORD101786,2025-03-14,2025-03,East,Home & Kitchen,In-Store,86.65842049762568,3,259.98,2.3,0,133,Medium
ORD101787,2025-02-06,2025-02,South,Beauty,Online,37.18657402161226,5,185.93,5.3,1,635,Low
ORD101788,2025-06-22,2025-06,North,Apparel,Online,61.10438433136986,4,244.42,3.1,0,312,Low
ORD101789,2025-10-03,2025-10,South,Beauty,Online,28.123555388579106,4,112.49,5.3,1,375,Medium
ORD101790,2025-08-02,2025-08,South,Sports,Online,71.12722104779598,5,355.64,6.5,1,429,High
ORD101791,2025-11-18,2025-11,East,Beauty,In-Store,36.044969401290764,2,72.09,1.8,0,521,Low
ORD101792,2025-05-06,2025-05,East,Beauty,In-Store,25.644124824459563,3,76.93,5.9,1,404,Low
ORD101793,2025-04-12,2025-04,South,Beauty,Online,34.209674761361235,4,136.84,5.1,1,21,High
ORD101794,2025-06-24,2025-06,South,Electronics,Online,254.9348785349176,4,1019.74,5.7,1,85,Medium
ORD101795,2025-03-15,2025-03,West,Sports,Online,74.09119646653343,1,74.09,3.6,0,1,Medium
ORD101796,2025-12-23,2025-12,East,Sports,Online,83.9977848130904,4,335.99,5.4,1,239,Low
ORD101797,2025-03-09,2025-03,South,Home & Kitchen,In-Store,58.25301268788291,1,58.25,4.3,0,735,Low
ORD101798,2025-06-24,2025-06,South,Electronics,In-Store,185.15497672634396,3,555.46,4.0,0,874,Low
ORD101799,2025-07-10,2025-07,North,Beauty,Online,24.046647070314553,4,96.19,3.0,0,428,Low
ORD101800,2025-01-21,2025-01,West,Electronics,In-Store,177.78284407278818,2,355.57,3.5,0,25,Medium
ORD101801,2025-06-20,2025-06,South,Apparel,Online,45.8088328095919,1,45.81,5.7,1,65,Medium
ORD101802,2025-06-15,2025-06,North,Home & Kitchen,Online,105.1980471703245,4,420.79,3.9,0,733,Medium
ORD101803,2025-04-05,2025-04,West,Electronics,Online,223.10338343643429,2,446.21,4.5,0,309,Low
ORD101804,2025-02-16,2025-02,East,Sports,Online,70.07617670904536,5,350.38,3.1,0,793,Low
ORD101805,2025-01-17,2025-01,North,Electronics,Online,211.9808679496537,5,1059.9,2.8,0,456,Medium
ORD101806,2025-01-04,2025-01,North,Home & Kitchen,In-Store,73.90114565742245,2,147.8,2.4,0,791,Low
ORD101807,2025-06-25,2025-06,North,Sports,In-Store,77.03787776281978,4,308.15,3.6,0,122,Low
ORD101808,2025-02-02,2025-02,East,Apparel,Online,52.14974656873021,2,104.3,4.8,0,772,Low
ORD101809,2025-12-17,2025-12,North,Sports,In-Store,56.737602099466514,5,283.69,4.0,0,492,Low
ORD101810,2025-03-31,2025-03,West,Electronics,Online,294.7806802320634,2,589.56,4.5,0,394,Low
ORD101811,2025-08-27,2025-08,West,Sports,Online,62.93748573494107,5,314.69,5.0,0,476,Low
ORD101812,2025-09-03,2025-09,South,Beauty,Online,24.953769693285057,4,99.82,5.0,0,295,High
ORD101813,2025-06-30,2025-06,East,Electronics,Online,228.41616682002288,2,456.83,1.9,0,542,Low
ORD101814,2025-11-19,2025-11,North,Home & Kitchen,Online,93.78316852427463,5,468.92,3.4,0,693,Medium
ORD101815,2025-02-10,2025-02,North,Home & Kitchen,In-Store,76.55830499834508,4,306.23,2.5,0,729,Medium
ORD101816,2025-03-27,2025-03,East,Home & Kitchen,In-Store,103.25194523142201,4,413.01,2.1,0,880,Low
ORD101817,2025-04-03,2025-04,North,Sports,Online,64.39204718545624,2,128.78,3.0,0,372,Low
ORD101818,2025-02-19,2025-02,North,Apparel,In-Store,46.23459056793568,2,92.47,3.2,0,692,Low
ORD101819,2025-04-18,2025-04,South,Home & Kitchen,Online,104.08783970276824,4,416.35,3.8,0,799,Low
ORD101820,2025-04-25,2025-04,North,Electronics,In-Store,225.28934219578755,1,225.29,2.1,0,16,Low
ORD101821,2025-10-07,2025-10,South,Apparel,Online,44.55391946830072,2,89.11,7.1,1,427,High
ORD101822,2025-04-21,2025-04,East,Beauty,Online,23.178044302003414,1,23.18,2.1,0,630,Low
ORD101823,2025-11-16,2025-11,West,Electronics,In-Store,209.82374934397262,1,209.82,3.6,0,411,Low
ORD101824,2025-10-10,2025-10,East,Home & Kitchen,Online,78.23470483153257,1,78.23,2.6,0,90,High
ORD101825,2025-11-26,2025-11,West,Electronics,Online,181.81583716057142,1,181.82,3.6,0,590,Medium
ORD101826,2025-02-08,2025-02,South,Sports,Online,66.68857447195305,5,333.44,5.0,0,366,Medium
ORD101827,2025-12-26,2025-12,West,Home & Kitchen,Online,64.05515595081947,4,256.22,3.3,0,556,Low
ORD101828,2025-08-13,2025-08,South,Apparel,Online,38.54622834102256,5,192.73,5.9,1,2,High
ORD101829,2025-12-25,2025-12,North,Electronics,Online,240.40816580167166,1,240.41,5.3,1,11,Medium
ORD101830,2025-05-10,2025-05,West,Apparel,In-Store,39.972982288829215,5,199.86,4.8,0,543,Medium
ORD101831,2025-12-14,2025-12,North,Beauty,Online,34.43303451269542,3,103.3,4.9,0,884,Medium
ORD101832,2025-08-03,2025-08,North,Home & Kitchen,Online,94.66873544355946,4,378.67,2.0,0,575,Low
ORD101833,2025-01-27,2025-01,North,Apparel,Online,40.99064793410948,5,204.95,3.4,0,848,High
ORD101834,2025-05-30,2025-05,South,Sports,In-Store,45.67028262286223,2,91.34,5.1,1,762,High
ORD101835,2025-02-20,2025-02,South,Apparel,In-Store,46.91773276561093,4,187.67,5.5,1,253,Medium
ORD101836,2025-12-10,2025-12,South,Apparel,Online,34.42630023289224,4,137.71,7.3,1,93,Low
ORD101837,2025-04-22,2025-04,West,Apparel,Online,47.72992396800184,3,143.19,5.8,1,503,Medium
ORD101838,2025-03-23,2025-03,North,Electronics,Online,265.83754768785985,3,797.51,4.8,0,558,Low
ORD101839,2025-07-21,2025-07,South,Sports,Online,68.05385124177374,2,136.11,8.4,1,693,Medium
ORD101840,2025-06-05,2025-06,South,Beauty,Online,30.413620465452365,1,30.41,5.3,1,469,Low
ORD101841,2025-02-05,2025-02,West,Beauty,Online,40.863029505848495,5,204.32,4.2,0,828,Medium
ORD101842,2025-10-26,2025-10,North,Beauty,In-Store,23.13669189472558,4,92.55,3.2,0,759,High
ORD101843,2025-11-05,2025-11,North,Apparel,Online,59.220047467725834,3,177.66,2.6,0,527,Low
ORD101844,2025-09-29,2025-09,South,Apparel,In-Store,56.704059488197885,4,226.82,4.6,0,496,Medium
ORD101845,2025-08-14,2025-08,East,Home & Kitchen,Online,79.50536050041674,3,238.52,1.9,0,18,High
ORD101846,2025-05-27,2025-05,East,Beauty,Online,24.210210609915,2,48.42,3.4,0,703,Low
ORD101847,2025-07-17,2025-07,East,Sports,In-Store,48.54640500266093,5,242.73,3.2,0,612,Low
ORD101848,2025-07-10,2025-07,East,Apparel,In-Store,60.53688146339811,5,302.68,4.4,0,806,Low
ORD101849,2025-03-02,2025-03,South,Home & Kitchen,Online,69.08746119958255,2,138.17,6.5,1,84,Medium
ORD101850,2025-01-30,2025-01,North,Sports,In-Store,78.71285973548879,5,393.56,1.8,0,132,Low
ORD101851,2025-04-03,2025-04,North,Beauty,Online,31.569199618536068,3,94.71,6.2,1,604,Low
ORD101852,2025-06-15,2025-06,North,Sports,Online,61.39285474254939,4,245.57,3.9,0,440,Low
ORD101853,2025-02-28,2025-02,South,Apparel,In-Store,51.01460492889035,1,51.01,4.8,0,529,Low
ORD101854,2025-02-08,2025-02,South,Electronics,In-Store,187.11601876555787,3,561.35,2.6,0,391,Low
ORD101855,2025-11-07,2025-11,South,Apparel,Online,44.993676232880354,1,44.99,4.5,0,576,Medium
ORD101856,2025-05-17,2025-05,East,Apparel,In-Store,61.06225982235528,5,305.31,4.6,0,592,Low
ORD101857,2025-08-02,2025-08,South,Beauty,In-Store,26.003395508553744,2,52.01,4.7,0,171,Medium
ORD101858,2025-07-11,2025-07,East,Home & Kitchen,Online,107.60867929726608,2,215.22,4.1,0,684,Medium
ORD101859,2025-09-26,2025-09,East,Apparel,Online,62.81760544318912,4,251.27,4.3,0,444,High
ORD101860,2025-09-28,2025-09,South,Apparel,Online,33.13507642437814,5,165.68,3.5,0,518,Low
ORD101861,2025-04-19,2025-04,South,Home & Kitchen,Online,85.7572308651168,2,171.51,5.1,1,556,Medium
ORD101862,2025-11-06,2025-11,East,Home & Kitchen,In-Store,65.62188078284656,4,262.49,5.0,0,670,Medium
ORD101863,2025-05-16,2025-05,East,Electronics,Online,249.7439954173283,4,998.98,5.3,1,270,Low
ORD101864,2025-11-01,2025-11,South,Beauty,In-Store,41.78039550751239,3,125.34,4.3,0,7,Low
ORD101865,2025-05-28,2025-05,South,Apparel,Online,59.75174820567348,5,298.76,7.1,1,164,Low
ORD101866,2025-02-10,2025-02,East,Apparel,In-Store,60.63272654060013,1,60.63,1.8,0,869,Medium
ORD101867,2025-10-05,2025-10,East,Electronics,In-Store,186.8558712500633,5,934.28,2.1,0,201,Low
ORD101868,2025-01-12,2025-01,North,Home & Kitchen,In-Store,86.36989753780088,3,259.11,5.2,1,225,High
ORD101869,2025-10-09,2025-10,South,Sports,In-Store,51.86290268858792,1,51.86,5.2,1,772,Medium
ORD101870,2025-01-16,2025-01,West,Beauty,In-Store,39.88791885913067,5,199.44,3.5,0,212,Medium
ORD101871,2025-03-17,2025-03,North,Electronics,Online,183.43771493343394,4,733.75,3.6,0,418,High
ORD101872,2025-08-09,2025-08,West,Beauty,In-Store,24.23313716059319,5,121.17,2.8,0,334,Medium
ORD101873,2025-12-10,2025-12,North,Sports,In-Store,42.51083053198878,1,42.51,3.3,0,595,Low
ORD101874,2025-05-30,2025-05,South,Apparel,Online,37.23135759272858,4,148.93,5.4,1,535,Low
ORD101875,2025-02-14,2025-02,South,Electronics,Online,183.22347841559804,4,732.89,5.2,1,463,Medium
ORD101876,2025-03-27,2025-03,North,Apparel,In-Store,33.94094090705676,5,169.7,1.6,0,451,Low
ORD101877,2025-11-24,2025-11,West,Beauty,Online,39.22256317167633,2,78.45,4.8,0,750,High
ORD101878,2025-09-23,2025-09,South,Apparel,Online,56.0699309739279,5,280.35,4.6,0,523,Low
ORD101879,2025-02-06,2025-02,West,Apparel,Online,39.516167166438585,4,158.06,3.3,0,458,Low
ORD101880,2025-05-21,2025-05,North,Sports,Online,74.8968235390705,2,149.79,5.2,1,798,Medium
ORD101881,2025-04-07,2025-04,West,Beauty,Online,29.865455482732763,2,59.73,7.1,1,84,Medium
ORD101882,2025-03-06,2025-03,West,Home & Kitchen,Online,99.42913732349834,5,497.15,6.8,1,750,High
ORD101883,2025-11-05,2025-11,East,Sports,In-Store,55.56632137707729,4,222.27,4.1,0,178,Low
ORD101884,2025-08-14,2025-08,North,Electronics,Online,240.95675087913304,1,240.96,3.4,0,299,Low
ORD101885,2025-03-07,2025-03,East,Beauty,Online,29.013821381037538,1,29.01,3.9,0,12,Medium
ORD101886,2025-08-26,2025-08,South,Electronics,In-Store,182.90207582161423,5,914.51,5.0,0,514,High
ORD101887,2025-05-31,2025-05,West,Electronics,In-Store,244.18746413630808,1,244.19,3.3,0,748,Low
ORD101888,2025-01-23,2025-01,South,Beauty,Online,36.76744679953487,2,73.53,6.8,1,344,Medium
ORD101889,2025-06-14,2025-06,North,Electronics,Online,269.97849718749893,4,1079.91,1.3,0,597,Low
ORD101890,2025-03-09,2025-03,North,Electronics,In-Store,208.8685704211635,5,1044.34,2.6,0,354,Medium
ORD101891,2025-03-31,2025-03,East,Home & Kitchen,In-Store,85.04785903072637,2,170.1,4.3,0,683,Low
ORD101892,2025-11-17,2025-11,West,Apparel,Online,55.559025855430214,4,222.24,3.5,0,898,High
ORD101893,2025-09-17,2025-09,North,Electronics,Online,162.392629556479,4,649.57,3.4,0,643,Low
ORD101894,2025-02-18,2025-02,East,Home & Kitchen,In-Store,60.02574666484818,4,240.1,4.0,0,306,Medium
ORD101895,2025-11-07,2025-11,West,Sports,In-Store,57.80135507882724,4,231.21,5.6,1,742,Medium
ORD101896,2025-07-29,2025-07,North,Sports,Online,51.385807243216604,2,102.77,2.1,0,35,Low
ORD101897,2025-11-16,2025-11,North,Electronics,In-Store,211.6954870107339,4,846.78,1.4,0,888,Low
ORD101898,2025-09-30,2025-09,East,Home & Kitchen,In-Store,61.250172472138914,1,61.25,2.2,0,755,Medium
ORD101899,2025-05-04,2025-05,East,Sports,In-Store,66.86433728836207,4,267.46,1.5,0,588,Medium
ORD101900,2025-07-15,2025-07,North,Electronics,In-Store,257.4480379231306,4,1029.79,1.2,0,559,Medium
ORD101901,2025-07-13,2025-07,West,Electronics,In-Store,275.94343821566156,4,1103.77,2.6,0,227,Medium
ORD101902,2025-09-20,2025-09,South,Electronics,Online,254.1805324636003,1,254.18,6.7,1,388,Low
ORD101903,2025-04-01,2025-04,West,Home & Kitchen,Online,78.19735812034024,5,390.99,4.1,0,92,High
ORD101904,2025-05-02,2025-05,West,Electronics,In-Store,297.97894662195006,3,893.94,3.8,0,305,Low
ORD101905,2025-03-31,2025-03,West,Sports,Online,72.50594467317559,1,72.51,3.4,0,531,Medium
ORD101906,2025-04-19,2025-04,South,Beauty,Online,32.08130616236229,3,96.24,6.0,1,326,High
ORD101907,2025-02-28,2025-02,North,Electronics,Online,185.8549628836812,3,557.56,6.0,1,693,High
ORD101908,2025-01-14,2025-01,South,Home & Kitchen,In-Store,92.34259925722807,3,277.03,3.4,0,767,Low
ORD101909,2025-12-10,2025-12,North,Electronics,In-Store,245.12496086323722,4,980.5,5.1,1,505,Low
ORD101910,2025-01-28,2025-01,East,Electronics,Online,259.23281983638213,3,777.7,4.4,0,307,Medium
ORD101911,2025-11-21,2025-11,North,Sports,Online,74.80724014294864,2,149.61,3.7,0,273,Low
ORD101912,2025-01-02,2025-01,South,Apparel,Online,60.32406299781405,4,241.3,5.7,1,492,Medium
ORD101913,2025-10-11,2025-10,North,Beauty,In-Store,40.93018841852106,2,81.86,3.5,0,648,Low
ORD101914,2025-04-30,2025-04,North,Home & Kitchen,In-Store,91.2903881190334,1,91.29,5.2,1,114,Low
ORD101915,2025-07-08,2025-07,North,Electronics,Online,302.7572295060149,2,605.51,4.3,0,403,Low
ORD101916,2025-04-14,2025-04,East,Apparel,Online,60.20980556851787,5,301.05,4.6,0,397,Medium
ORD101917,2025-06-29,2025-06,East,Electronics,In-Store,154.40261098034404,3,463.21,2.8,0,258,Medium
ORD101918,2025-06-14,2025-06,North,Beauty,Online,34.38996679116616,2,68.78,4.7,0,214,Low
ORD101919,2025-07-13,2025-07,West,Home & Kitchen,In-Store,65.99428695070755,2,131.99,2.7,0,757,Low
ORD101920,2025-05-24,2025-05,West,Apparel,Online,40.7985686154427,5,203.99,4.6,0,389,Low
ORD101921,2025-07-15,2025-07,South,Home & Kitchen,Online,72.66001118519297,4,290.64,8.7,1,519,Medium
ORD101922,2025-10-29,2025-10,East,Home & Kitchen,Online,83.05525981967801,4,332.22,1.0,0,35,Medium
ORD101923,2025-06-08,2025-06,South,Sports,Online,42.456379475721384,4,169.83,5.5,1,255,High
ORD101924,2025-05-12,2025-05,North,Electronics,Online,190.3126468357971,5,951.56,4.0,0,202,High
ORD101925,2025-02-18,2025-02,South,Electronics,In-Store,158.48462737181484,4,633.94,4.2,0,296,Low
ORD101926,2025-05-12,2025-05,North,Electronics,Online,254.18601912076264,3,762.56,3.5,0,757,High
ORD101927,2025-02-15,2025-02,West,Apparel,Online,59.51255872882423,2,119.03,4.6,0,514,Low
ORD101928,2025-03-08,2025-03,West,Apparel,In-Store,62.93034278470586,1,62.93,3.5,0,812,Medium
ORD101929,2025-12-14,2025-12,West,Electronics,In-Store,223.07776133444298,4,892.31,4.1,0,381,Low
ORD101930,2025-02-02,2025-02,East,Apparel,Online,39.694444974265814,5,198.47,3.4,0,693,Medium
ORD101931,2025-06-25,2025-06,East,Apparel,Online,58.3727632970168,4,233.49,6.4,1,145,Medium
ORD101932,2025-11-01,2025-11,West,Electronics,Online,171.42641170123278,3,514.28,4.2,0,733,Low
ORD101933,2025-12-14,2025-12,North,Beauty,Online,41.45901860217896,1,41.46,4.4,0,549,High
ORD101934,2025-02-23,2025-02,North,Home & Kitchen,In-Store,96.03089746421932,4,384.12,2.2,0,35,High
ORD101935,2025-03-01,2025-03,East,Apparel,Online,47.37394195907354,2,94.75,5.1,1,620,High
ORD101936,2025-05-16,2025-05,South,Home & Kitchen,Online,61.412430090157066,4,245.65,6.1,1,431,Low
ORD101937,2025-07-22,2025-07,South,Apparel,In-Store,32.0731719748578,2,64.15,5.0,0,1,High
ORD101938,2025-12-17,2025-12,North,Beauty,Online,32.43517614712072,5,162.18,2.5,0,762,Medium
ORD101939,2025-03-17,2025-03,East,Home & Kitchen,Online,79.17562841664119,5,395.88,3.1,0,483,Medium
ORD101940,2025-03-02,2025-03,North,Apparel,Online,58.043931572404155,2,116.09,5.7,1,546,Low
ORD101941,2025-04-03,2025-04,North,Beauty,In-Store,34.48841507356217,2,68.98,2.1,0,519,Medium
ORD101942,2025-11-16,2025-11,North,Sports,In-Store,60.13964655281918,5,300.7,3.8,0,82,Medium
ORD101943,2025-01-11,2025-01,South,Sports,Online,51.492296524250136,1,51.49,4.1,0,299,Medium
ORD101944,2025-05-19,2025-05,West,Electronics,In-Store,227.98502015704892,3,683.96,5.0,0,631,High
ORD101945,2025-02-13,2025-02,South,Electronics,Online,179.10111893306808,1,179.1,4.4,0,305,Low
ORD101946,2025-02-27,2025-02,East,Home & Kitchen,Online,93.35270909849838,3,280.06,2.8,0,799,Medium
ORD101947,2025-12-01,2025-12,East,Apparel,Online,50.58046578267144,1,50.58,3.1,0,286,Low
ORD101948,2025-01-01,2025-01,South,Home & Kitchen,Online,101.36399661506736,1,101.36,4.5,0,414,Low
ORD101949,2025-04-28,2025-04,West,Sports,Online,60.880229434175604,3,182.64,5.0,0,401,Low
ORD101950,2025-12-01,2025-12,East,Apparel,In-Store,40.27742879036716,1,40.28,3.4,0,17,Low
ORD101951,2025-08-10,2025-08,East,Apparel,Online,57.84645381592629,4,231.39,2.7,0,730,Low
ORD101952,2025-01-27,2025-01,North,Apparel,In-Store,53.26640806598637,3,159.8,3.0,0,122,Low
ORD101953,2025-06-19,2025-06,North,Electronics,In-Store,262.8332112651399,3,788.5,1.6,0,422,Low
ORD101954,2025-12-21,2025-12,West,Home & Kitchen,Online,85.57273599875535,3,256.72,5.3,1,817,Medium
ORD101955,2025-05-27,2025-05,East,Sports,Online,78.79110182524866,5,393.96,5.0,0,894,Low
ORD101956,2025-07-12,2025-07,West,Apparel,Online,38.67518048535338,5,193.38,4.5,0,207,Low
ORD101957,2025-07-14,2025-07,West,Sports,Online,58.87106506482266,1,58.87,4.8,0,339,Low
ORD101958,2025-08-30,2025-08,North,Home & Kitchen,Online,100.58902401323012,4,402.36,5.8,1,509,Low
ORD101959,2025-03-10,2025-03,East,Sports,In-Store,47.5843578826846,3,142.75,3.1,0,629,Low
ORD101960,2025-11-03,2025-11,South,Electronics,In-Store,278.448861924497,4,1113.8,3.4,0,225,High
ORD101961,2025-12-27,2025-12,East,Sports,Online,56.80899927069529,4,227.24,4.7,0,494,Medium
ORD101962,2025-02-22,2025-02,North,Sports,Online,47.271155359275404,4,189.08,2.3,0,751,Low
ORD101963,2025-10-26,2025-10,North,Electronics,Online,166.18902077242527,4,664.76,3.4,0,686,Low
ORD101964,2025-10-26,2025-10,East,Home & Kitchen,In-Store,103.20960825020911,2,206.42,2.6,0,740,Low
ORD101965,2025-09-28,2025-09,East,Beauty,Online,37.350926458138346,5,186.75,3.2,0,799,Medium
ORD101966,2025-05-16,2025-05,East,Electronics,Online,198.35836718998553,4,793.43,3.7,0,775,High
ORD101967,2025-06-21,2025-06,South,Sports,In-Store,46.88721194797408,2,93.77,5.6,1,461,Low
ORD101968,2025-11-03,2025-11,South,Beauty,Online,26.19192294679208,2,52.38,6.5,1,876,Low
ORD101969,2025-02-25,2025-02,West,Beauty,Online,25.47274034956719,3,76.42,5.6,1,445,Medium
ORD101970,2025-10-30,2025-10,South,Apparel,In-Store,54.591253028304244,2,109.18,4.9,0,638,Low
ORD101971,2025-12-03,2025-12,South,Home & Kitchen,Online,68.07153272398737,4,272.29,4.9,0,848,Low
ORD101972,2025-09-06,2025-09,East,Beauty,Online,25.538068957120124,3,76.61,1.2,0,39,Medium
ORD101973,2025-05-05,2025-05,South,Home & Kitchen,Online,57.8070154199359,1,57.81,5.6,1,840,Medium
ORD101974,2025-07-24,2025-07,East,Electronics,Online,245.91639199966576,2,491.83,1.3,0,739,Low
ORD101975,2025-01-19,2025-01,South,Electronics,In-Store,260.1028504314405,5,1300.51,2.2,0,897,Medium
ORD101976,2025-12-07,2025-12,West,Sports,Online,69.44659969581951,5,347.23,4.3,0,695,Low
ORD101977,2025-05-05,2025-05,West,Apparel,In-Store,49.41087341891647,2,98.82,4.1,0,141,Low
ORD101978,2025-01-21,2025-01,West,Electronics,Online,302.77554212148857,4,1211.1,4.0,0,272,Medium
ORD101979,2025-10-17,2025-10,East,Apparel,In-Store,46.39126313357828,1,46.39,5.1,1,4,Medium
ORD101980,2025-08-29,2025-08,South,Sports,In-Store,78.12573334109186,5,390.63,5.1,1,547,Medium
ORD101981,2025-08-16,2025-08,East,Apparel,Online,51.849312176886166,4,207.4,3.7,0,394,Medium
ORD101982,2025-01-20,2025-01,West,Beauty,In-Store,22.76740075444455,1,22.77,5.5,1,427,Medium
ORD101983,2025-10-02,2025-10,East,Sports,In-Store,76.02371536099574,4,304.09,5.2,1,660,High
ORD101984,2025-08-21,2025-08,East,Beauty,In-Store,33.27215937548618,3,99.82,3.9,0,738,Medium
ORD101985,2025-10-17,2025-10,East,Beauty,Online,34.72403884583412,5,173.62,3.1,0,66,Low
ORD101986,2025-10-29,2025-10,East,Electronics,In-Store,181.75502508607318,2,363.51,2.6,0,825,Medium
ORD101987,2025-03-19,2025-03,East,Home & Kitchen,Online,80.49944527197201,5,402.5,2.3,0,336,Low
ORD101988,2025-03-18,2025-03,North,Electronics,In-Store,289.60970105363975,5,1448.05,2.9,0,677,Medium
ORD101989,2025-12-04,2025-12,South,Beauty,In-Store,25.524055054812617,2,51.05,3.2,0,523,Low
ORD101990,2025-07-13,2025-07,East,Electronics,Online,154.01923560672782,3,462.06,3.6,0,399,Low
ORD101991,2025-06-09,2025-06,North,Home & Kitchen,In-Store,70.4204878785786,4,281.68,3.3,0,192,Medium
ORD101992,2025-04-15,2025-04,West,Sports,In-Store,62.47678286540929,2,124.95,1.4,0,171,Medium
ORD101993,2025-08-22,2025-08,East,Electronics,Online,280.47681866849587,5,1402.38,2.5,0,658,Low
ORD101994,2025-10-03,2025-10,North,Sports,Online,69.01821782408074,1,69.02,3.1,0,289,Low
ORD101995,2025-01-01,2025-01,West,Electronics,Online,295.5357742194051,2,591.07,4.4,0,207,Medium
ORD101996,2025-07-21,2025-07,East,Apparel,Online,45.85027959627864,3,137.55,3.4,0,6,High
ORD101997,2025-12-29,2025-12,East,Apparel,Online,43.81067952314667,3,131.43,3.7,0,756,Low
ORD101998,2025-04-13,2025-04,South,Apparel,In-Store,38.78967382276496,1,38.79,3.7,0,356,Low
ORD101999,2025-04-13,2025-04,West,Home & Kitchen,Online,68.21149913418984,5,341.06,2.8,0,314,Low
ORD102000,2025-11-17,2025-11,South,Beauty,In-Store,36.45830783716927,2,72.92,3.9,0,335,Low
ORD102001,2025-01-23,2025-01,East,Apparel,In-Store,34.031312375927236,1,34.03,3.0,0,539,Low
ORD102002,2025-05-26,2025-05,North,Home & Kitchen,In-Store,69.59196075064848,3,208.78,2.6,0,434,High
ORD102003,2025-06-17,2025-06,East,Beauty,Online,39.60380045034272,5,198.02,4.1,0,490,Low
ORD102004,2025-10-19,2025-10,East,Sports,Online,66.23067436018542,1,66.23,4.5,0,250,Low
ORD102005,2025-02-17,2025-02,East,Electronics,In-Store,161.17449179652317,3,483.52,4.1,0,267,Low
ORD102006,2025-06-08,2025-06,South,Beauty,Online,35.789356014925495,5,178.95,4.4,0,776,Low
ORD102007,2025-02-25,2025-02,West,Electronics,Online,232.02908463397992,5,1160.15,2.6,0,395,Low
ORD102008,2025-10-15,2025-10,East,Home & Kitchen,In-Store,103.85321673988886,1,103.85,4.8,0,875,Low
ORD102009,2025-08-19,2025-08,North,Home & Kitchen,Online,94.21629686231071,4,376.87,4.2,0,761,Low
ORD102010,2025-07-01,2025-07,West,Sports,Online,42.186756695067125,5,210.93,3.4,0,640,Medium
ORD102011,2025-05-24,2025-05,East,Electronics,Online,185.68381942493778,4,742.74,4.3,0,493,Low
ORD102012,2025-02-25,2025-02,West,Electronics,Online,193.7264098870015,4,774.91,5.8,1,753,Medium
ORD102013,2025-12-03,2025-12,West,Sports,In-Store,71.4937561447893,4,285.98,5.9,1,50,High
ORD102014,2025-08-25,2025-08,West,Electronics,Online,232.4343833611945,3,697.3,4.8,0,449,Low
ORD102015,2025-04-27,2025-04,East,Apparel,In-Store,55.04459615837164,1,55.04,4.6,0,642,Low
ORD102016,2025-06-01,2025-06,East,Sports,In-Store,63.540422348905416,4,254.16,1.8,0,98,High
ORD102017,2025-09-23,2025-09,North,Home & Kitchen,Online,74.33353819900965,4,297.33,3.7,0,165,Low
ORD102018,2025-09-20,2025-09,South,Electronics,Online,169.96373959313814,5,849.82,4.8,0,59,Low
ORD102019,2025-06-18,2025-06,East,Apparel,Online,37.882596108065194,5,189.41,4.4,0,437,Medium
ORD102020,2025-04-21,2025-04,South,Beauty,In-Store,29.416381687259314,2,58.83,6.4,1,487,Medium
ORD102021,2025-08-29,2025-08,West,Apparel,In-Store,48.87081070772602,5,244.35,4.1,0,422,High
ORD102022,2025-08-29,2025-08,North,Electronics,Online,298.5501600913559,1,298.55,2.6,0,50,Low
ORD102023,2025-08-07,2025-08,South,Electronics,Online,190.91690726824118,5,954.58,3.7,0,438,Low
ORD102024,2025-01-27,2025-01,South,Apparel,Online,52.48167559257054,1,52.48,7.2,1,799,Low
ORD102025,2025-06-22,2025-06,South,Beauty,Online,24.203464141359333,4,96.81,5.8,1,28,Low
ORD102026,2025-08-13,2025-08,North,Apparel,Online,53.983223340553515,4,215.93,4.2,0,698,Low
ORD102027,2025-12-13,2025-12,North,Electronics,Online,155.74649508017276,4,622.99,3.3,0,245,Low
ORD102028,2025-07-11,2025-07,West,Home & Kitchen,In-Store,92.73151719605848,5,463.66,4.1,0,68,Low
ORD102029,2025-05-06,2025-05,South,Electronics,Online,179.13551913403674,3,537.41,4.0,0,46,Low
ORD102030,2025-07-22,2025-07,North,Electronics,Online,181.76996474264678,1,181.77,4.2,0,12,Low
ORD102031,2025-03-06,2025-03,North,Beauty,In-Store,32.73706029960612,4,130.95,1.6,0,374,Low
ORD102032,2025-02-03,2025-02,South,Sports,In-Store,57.767284928165914,2,115.53,4.1,0,448,Medium
ORD102033,2025-09-05,2025-09,North,Electronics,Online,226.58099318482877,4,906.32,2.9,0,559,Low
ORD102034,2025-12-26,2025-12,East,Apparel,In-Store,41.22999980052212,2,82.46,1.0,0,73,Medium
ORD102035,2025-11-05,2025-11,East,Electronics,Online,300.8339256273621,1,300.83,3.6,0,589,Low
ORD102036,2025-08-02,2025-08,North,Electronics,In-Store,198.76103941261084,4,795.04,1.9,0,666,Low
ORD102037,2025-01-15,2025-01,East,Home & Kitchen,Online,86.35465578518799,1,86.35,3.7,0,59,High
ORD102038,2025-12-27,2025-12,North,Home & Kitchen,In-Store,103.84391111028734,2,207.69,3.0,0,607,High
ORD102039,2025-06-14,2025-06,South,Sports,Online,69.89559411495448,4,279.58,7.3,1,107,Low
ORD102040,2025-04-16,2025-04,West,Beauty,In-Store,27.778315886616134,5,138.89,4.2,0,395,Low
ORD102041,2025-11-22,2025-11,South,Electronics,In-Store,239.07524923849016,2,478.15,4.9,0,595,High
ORD102042,2025-09-30,2025-09,West,Beauty,Online,22.742813650887275,2,45.49,5.1,1,783,Low
ORD102043,2025-10-01,2025-10,North,Home & Kitchen,Online,86.55843855163076,2,173.12,4.7,0,478,Low
ORD102044,2025-04-12,2025-04,South,Electronics,Online,220.43391960644547,3,661.3,5.7,1,392,Low
ORD102045,2025-12-29,2025-12,South,Sports,Online,73.83321569708465,1,73.83,5.5,1,750,Low
ORD102046,2025-06-15,2025-06,South,Electronics,In-Store,284.57703784265397,3,853.73,5.4,1,195,Medium
ORD102047,2025-07-13,2025-07,West,Home & Kitchen,In-Store,67.17852521225657,5,335.89,1.0,0,185,Medium
ORD102048,2025-10-02,2025-10,North,Sports,Online,45.42450802935205,1,45.42,6.2,1,420,Low
ORD102049,2025-08-29,2025-08,West,Electronics,Online,214.14577511170467,5,1070.73,6.4,1,109,Low
ORD102050,2025-03-04,2025-03,West,Beauty,In-Store,32.21715857221148,3,96.65,4.1,0,20,Low
ORD102051,2025-04-21,2025-04,East,Electronics,Online,212.02750004051347,4,848.11,2.3,0,326,Medium
ORD102052,2025-05-12,2025-05,South,Sports,In-Store,68.39956918191936,4,273.6,6.0,1,138,High
ORD102053,2025-12-12,2025-12,South,Electronics,Online,231.87029707673756,5,1159.35,4.4,0,573,Low
ORD102054,2025-09-18,2025-09,North,Electronics,Online,298.24040933842383,4,1192.96,4.3,0,494,Medium
ORD102055,2025-05-14,2025-05,East,Apparel,Online,44.39582038456718,5,221.98,2.5,0,437,Low
ORD102056,2025-09-26,2025-09,South,Beauty,Online,22.73237763192023,2,45.46,7.9,1,447,Medium
ORD102057,2025-09-27,2025-09,West,Electronics,In-Store,200.49799325578743,2,401.0,2.1,0,89,Low
ORD102058,2025-05-24,2025-05,East,Beauty,Online,33.72377110962813,4,134.9,4.1,0,362,Low
ORD102059,2025-05-28,2025-05,South,Electronics,In-Store,193.42786518549124,1,193.43,2.0,0,65,Low
ORD102060,2025-11-23,2025-11,East,Apparel,In-Store,39.97313623187746,1,39.97,3.3,0,320,Medium
ORD102061,2025-07-25,2025-07,South,Apparel,Online,42.19653324670405,2,84.39,4.7,0,610,Low
ORD102062,2025-02-24,2025-02,West,Electronics,Online,268.9058341059945,2,537.81,5.9,1,887,Low
ORD102063,2025-09-20,2025-09,North,Beauty,In-Store,40.74279792017319,1,40.74,2.5,0,267,High
ORD102064,2025-08-04,2025-08,West,Apparel,In-Store,42.53686396620506,4,170.15,5.2,1,238,Medium
ORD102065,2025-07-05,2025-07,West,Home & Kitchen,Online,66.94733022658754,3,200.84,3.3,0,602,Low
ORD102066,2025-09-22,2025-09,West,Home & Kitchen,Online,79.55566932135777,2,159.11,4.2,0,826,Low
ORD102067,2025-11-28,2025-11,South,Home & Kitchen,In-Store,75.70302280685907,2,151.41,4.2,0,266,Medium
ORD102068,2025-05-01,2025-05,West,Home & Kitchen,Online,111.44139519089784,5,557.21,5.1,1,754,Low
ORD102069,2025-06-03,2025-06,South,Beauty,In-Store,30.741233428877837,5,153.71,4.9,0,283,Low
ORD102070,2025-03-11,2025-03,East,Home & Kitchen,Online,94.03986775746438,1,94.04,4.9,0,575,Low
ORD102071,2025-08-25,2025-08,North,Home & Kitchen,In-Store,107.17213173211178,4,428.69,3.3,0,189,Low
ORD102072,2025-05-27,2025-05,South,Home & Kitchen,Online,91.22744833237746,2,182.45,6.0,1,236,Medium
ORD102073,2025-05-05,2025-05,South,Home & Kitchen,In-Store,69.96519459551182,2,139.93,3.4,0,885,Medium
ORD102074,2025-09-12,2025-09,South,Apparel,Online,50.633418002998326,3,151.9,5.7,1,350,Low
ORD102075,2025-05-29,2025-05,South,Home & Kitchen,Online,78.5050748196465,5,392.53,7.1,1,15,High
ORD102076,2025-06-19,2025-06,West,Apparel,Online,44.804020887322416,3,134.41,2.5,0,695,Medium
ORD102077,2025-06-10,2025-06,North,Sports,In-Store,83.131632417557,5,415.66,3.6,0,115,Medium
ORD102078,2025-04-05,2025-04,East,Beauty,Online,26.850411285491905,5,134.25,4.8,0,100,Low
ORD102079,2025-02-15,2025-02,North,Beauty,Online,30.84763807604453,4,123.39,5.5,1,752,Low
ORD102080,2025-10-29,2025-10,East,Sports,In-Store,48.71441591936641,4,194.86,4.2,0,314,Medium
ORD102081,2025-02-03,2025-02,East,Home & Kitchen,Online,65.99847512638736,4,263.99,4.1,0,125,Medium
ORD102082,2025-04-29,2025-04,South,Sports,Online,67.34634581160502,2,134.69,5.7,1,878,Low
ORD102083,2025-09-01,2025-09,East,Electronics,In-Store,269.6564190555181,5,1348.28,2.4,0,253,Low
ORD102084,2025-02-17,2025-02,West,Apparel,In-Store,51.548486018930625,5,257.74,3.3,0,570,Low
ORD102085,2025-08-28,2025-08,West,Electronics,In-Store,204.7097356770575,4,818.84,2.2,0,237,Low
ORD102086,2025-09-25,2025-09,South,Electronics,Online,163.18119857501304,4,652.72,7.0,1,523,Low
ORD102087,2025-08-30,2025-08,South,Beauty,Online,30.875541105122533,5,154.38,5.7,1,627,Low
ORD102088,2025-04-22,2025-04,East,Beauty,In-Store,31.589662714973244,1,31.59,2.2,0,682,Low
ORD102089,2025-01-08,2025-01,North,Home & Kitchen,Online,99.15649004574985,1,99.16,4.0,0,370,High
ORD102090,2025-11-20,2025-11,West,Electronics,In-Store,252.60459259296104,5,1263.02,5.2,1,554,Medium
ORD102091,2025-04-30,2025-04,South,Home & Kitchen,Online,104.79048314565524,3,314.37,6.4,1,756,Low
ORD102092,2025-10-21,2025-10,West,Apparel,In-Store,56.163960678895386,4,224.66,2.7,0,756,Low
ORD102093,2025-03-14,2025-03,North,Sports,In-Store,57.36686692005976,3,172.1,1.0,0,672,Low
ORD102094,2025-03-01,2025-03,North,Beauty,Online,34.27664989401866,3,102.83,4.2,0,360,Low
ORD102095,2025-10-12,2025-10,West,Apparel,Online,55.03952567783648,1,55.04,3.4,0,478,Medium
ORD102096,2025-12-10,2025-12,West,Electronics,Online,301.3595768526027,2,602.72,5.2,1,870,Low
ORD102097,2025-11-11,2025-11,West,Electronics,Online,219.04223304382583,1,219.04,5.6,1,224,High
ORD102098,2025-10-02,2025-10,West,Electronics,In-Store,253.83542681591493,3,761.51,5.1,1,623,Low
ORD102099,2025-04-01,2025-04,South,Apparel,Online,43.86891081137147,1,43.87,7.3,1,713,High
ORD102100,2025-11-30,2025-11,North,Electronics,Online,267.62553954594716,5,1338.13,5.2,1,433,Medium
ORD102101,2025-09-01,2025-09,North,Electronics,Online,294.4469483818258,2,588.89,5.8,1,779,Medium
ORD102102,2025-03-04,2025-03,South,Electronics,In-Store,295.5608064208146,4,1182.24,6.2,1,385,High
ORD102103,2025-02-17,2025-02,North,Electronics,Online,178.19147767767654,1,178.19,5.5,1,752,Low
ORD102104,2025-11-14,2025-11,West,Sports,Online,50.572057100076904,1,50.57,4.5,0,580,Low
ORD102105,2025-04-11,2025-04,North,Electronics,In-Store,270.25913542162897,3,810.78,1.5,0,47,Low
ORD102106,2025-10-07,2025-10,North,Beauty,Online,34.25120760479044,4,137.0,6.7,1,741,Medium
ORD102107,2025-02-20,2025-02,North,Electronics,Online,293.38652217566306,5,1466.93,3.8,0,628,High
ORD102108,2025-04-13,2025-04,North,Electronics,In-Store,202.32528614999245,3,606.98,4.5,0,200,Low
ORD102109,2025-04-14,2025-04,North,Electronics,Online,284.5952049165245,4,1138.38,3.0,0,633,Medium
ORD102110,2025-04-13,2025-04,East,Sports,In-Store,70.71858599332211,4,282.87,4.5,0,460,Low
ORD102111,2025-09-04,2025-09,South,Electronics,In-Store,184.10027176411631,4,736.4,1.6,0,848,Low
ORD102112,2025-11-30,2025-11,East,Home & Kitchen,In-Store,63.0836846637558,4,252.33,2.8,0,274,Medium
ORD102113,2025-11-29,2025-11,West,Electronics,Online,262.2194347093256,1,262.22,4.4,0,237,Low
ORD102114,2025-09-28,2025-09,East,Beauty,Online,24.32769176720963,3,72.98,4.6,0,53,Low
ORD102115,2025-03-15,2025-03,East,Electronics,Online,276.3266721204448,5,1381.63,5.3,1,707,Medium
ORD102116,2025-12-17,2025-12,South,Apparel,Online,49.04849376401049,3,147.15,3.9,0,886,Low
ORD102117,2025-07-17,2025-07,North,Beauty,Online,31.014208311718583,1,31.01,4.5,0,620,Low
ORD102118,2025-07-19,2025-07,South,Electronics,Online,196.4314715318986,4,785.73,6.7,1,333,Low
ORD102119,2025-09-14,2025-09,West,Electronics,In-Store,305.5122216184284,2,611.02,6.6,1,790,Low
ORD102120,2025-10-08,2025-10,East,Sports,Online,72.3310186582421,3,216.99,4.8,0,228,Medium
ORD102121,2025-12-14,2025-12,North,Electronics,In-Store,273.82180166339106,3,821.47,2.4,0,624,High
ORD102122,2025-08-01,2025-08,South,Electronics,In-Store,272.38148286046203,4,1089.53,3.0,0,537,Low
ORD102123,2025-08-11,2025-08,West,Apparel,In-Store,49.896490681062794,5,249.48,6.0,1,767,Medium
ORD102124,2025-09-30,2025-09,East,Electronics,In-Store,298.71362166166716,4,1194.85,4.2,0,874,Medium
ORD102125,2025-04-04,2025-04,East,Beauty,In-Store,33.26025157103621,5,166.3,3.3,0,324,Medium
ORD102126,2025-04-23,2025-04,West,Home & Kitchen,Online,85.12255276583235,1,85.12,2.6,0,86,Medium
ORD102127,2025-08-17,2025-08,East,Home & Kitchen,Online,71.32778477568056,4,285.31,2.9,0,142,Low
ORD102128,2025-01-24,2025-01,East,Electronics,In-Store,197.3873316556177,3,592.16,4.1,0,665,Medium
ORD102129,2025-04-27,2025-04,North,Home & Kitchen,In-Store,97.26549873499444,4,389.06,3.4,0,327,Low
ORD102130,2025-09-20,2025-09,North,Home & Kitchen,In-Store,74.7469756118179,1,74.75,1.0,0,126,Low
ORD102131,2025-12-23,2025-12,West,Electronics,In-Store,266.2214547525884,3,798.66,4.6,0,733,Low
ORD102132,2025-07-09,2025-07,East,Beauty,Online,41.006841935111325,1,41.01,2.1,0,584,Low
ORD102133,2025-05-26,2025-05,South,Home & Kitchen,Online,80.60121645961048,4,322.4,6.8,1,119,Low
ORD102134,2025-06-10,2025-06,East,Sports,In-Store,46.08767700094496,2,92.18,3.6,0,642,High
ORD102135,2025-09-08,2025-09,North,Electronics,Online,256.6481581247332,1,256.65,3.1,0,574,Low
ORD102136,2025-07-18,2025-07,West,Electronics,Online,155.46654688110476,1,155.47,5.7,1,886,Low
ORD102137,2025-01-09,2025-01,North,Sports,In-Store,75.05414789343646,2,150.11,3.4,0,888,High
ORD102138,2025-07-16,2025-07,West,Sports,Online,64.07743091562617,5,320.39,6.1,1,877,Low
ORD102139,2025-05-27,2025-05,South,Apparel,Online,46.92656442627263,5,234.63,5.3,1,805,Low
ORD102140,2025-09-13,2025-09,North,Electronics,In-Store,241.69409272896385,1,241.69,3.2,0,714,Medium
ORD102141,2025-11-16,2025-11,North,Sports,Online,63.68915884525806,5,318.45,3.4,0,604,High
ORD102142,2025-12-18,2025-12,West,Electronics,In-Store,203.86169985658748,3,611.59,4.1,0,490,Medium
ORD102143,2025-08-11,2025-08,North,Apparel,Online,40.36753065489612,2,80.74,5.7,1,713,Low
ORD102144,2025-05-13,2025-05,North,Home & Kitchen,In-Store,79.25665779493812,5,396.28,2.4,0,869,Low
ORD102145,2025-06-12,2025-06,East,Electronics,Online,291.8160294149973,2,583.63,4.8,0,105,Medium
ORD102146,2025-03-06,2025-03,South,Electronics,Online,174.84705080732783,1,174.85,4.1,0,123,High
ORD102147,2025-12-08,2025-12,South,Electronics,Online,204.01374788973382,2,408.03,2.7,0,449,Low
ORD102148,2025-11-06,2025-11,North,Beauty,Online,25.03830898693749,1,25.04,3.9,0,264,High
ORD102149,2025-11-08,2025-11,West,Apparel,Online,44.954814767227525,3,134.86,4.9,0,479,Medium
ORD102150,2025-04-30,2025-04,North,Home & Kitchen,In-Store,63.475911470897586,1,63.48,2.9,0,280,Low
ORD102151,2025-04-28,2025-04,North,Beauty,In-Store,36.97670789194687,2,73.95,1.2,0,704,Low
ORD102152,2025-11-09,2025-11,South,Home & Kitchen,Online,61.794173984736176,2,123.59,5.6,1,808,Low
ORD102153,2025-07-18,2025-07,North,Home & Kitchen,In-Store,93.25467724256714,4,373.02,3.3,0,255,High
ORD102154,2025-09-15,2025-09,South,Home & Kitchen,In-Store,70.99177819266531,5,354.96,3.4,0,695,Low
ORD102155,2025-06-28,2025-06,North,Apparel,In-Store,46.37398490101638,1,46.37,1.4,0,96,Medium
ORD102156,2025-06-11,2025-06,North,Home & Kitchen,Online,67.19932585618231,4,268.8,3.4,0,717,Low
ORD102157,2025-08-19,2025-08,South,Beauty,Online,36.3346972689901,1,36.33,6.0,1,628,Medium
ORD102158,2025-10-24,2025-10,West,Sports,In-Store,81.82759154926961,5,409.14,4.3,0,639,Low
ORD102159,2025-05-02,2025-05,North,Apparel,Online,38.48497655287937,2,76.97,2.6,0,443,High
ORD102160,2025-10-23,2025-10,North,Apparel,Online,61.524326042954094,5,307.62,3.9,0,97,Low
ORD102161,2025-03-31,2025-03,West,Beauty,In-Store,27.83074982124011,4,111.32,4.9,0,758,Medium
ORD102162,2025-05-28,2025-05,West,Electronics,Online,239.90846372599282,2,479.82,3.1,0,99,Medium
ORD102163,2025-11-30,2025-11,East,Sports,In-Store,71.46677794559419,2,142.93,3.4,0,433,Low
ORD102164,2025-12-15,2025-12,North,Electronics,Online,184.68736687403978,2,369.37,5.3,1,157,High
ORD102165,2025-12-04,2025-12,South,Sports,In-Store,60.68008537217035,3,182.04,3.0,0,761,Low
ORD102166,2025-04-26,2025-04,North,Sports,In-Store,44.8487541878901,3,134.55,4.4,0,517,High
ORD102167,2025-11-04,2025-11,North,Apparel,In-Store,53.45719394488262,4,213.83,4.9,0,457,Low
ORD102168,2025-12-08,2025-12,South,Electronics,In-Store,218.15888243756967,3,654.48,4.2,0,286,Medium
ORD102169,2025-12-24,2025-12,East,Sports,In-Store,79.44907037086281,4,317.8,2.9,0,704,High
ORD102170,2025-01-08,2025-01,South,Apparel,Online,40.13074449005384,3,120.39,6.4,1,189,High
ORD102171,2025-09-29,2025-09,East,Apparel,In-Store,60.593441716203685,2,121.19,3.1,0,648,Low
ORD102172,2025-12-30,2025-12,North,Home & Kitchen,In-Store,63.89823130223932,2,127.8,1.0,0,872,Low
ORD102173,2025-10-07,2025-10,South,Apparel,Online,50.61944367943732,4,202.48,5.1,1,240,Medium
ORD102174,2025-03-27,2025-03,East,Home & Kitchen,Online,73.23725807284202,1,73.24,4.6,0,617,Low
ORD102175,2025-10-06,2025-10,West,Electronics,Online,181.99436808680625,2,363.99,5.4,1,279,High
ORD102176,2025-02-08,2025-02,South,Apparel,Online,34.459020909153715,2,68.92,4.1,0,836,Low
ORD102177,2025-06-25,2025-06,East,Beauty,In-Store,34.76849373540249,4,139.07,3.0,0,809,Low
ORD102178,2025-08-17,2025-08,North,Electronics,Online,189.90786172192378,1,189.91,4.9,0,283,Medium
ORD102179,2025-06-16,2025-06,North,Apparel,Online,49.543653980238,3,148.63,3.6,0,208,Low
ORD102180,2025-09-13,2025-09,East,Home & Kitchen,Online,110.84744847877556,4,443.39,2.2,0,75,Low
ORD102181,2025-03-29,2025-03,North,Beauty,Online,27.635198225870163,5,138.18,5.2,1,628,Low
ORD102182,2025-08-10,2025-08,South,Home & Kitchen,In-Store,57.956879552136805,3,173.87,4.2,0,827,High
ORD102183,2025-08-24,2025-08,South,Sports,Online,47.998549804649656,5,239.99,6.5,1,131,Medium
ORD102184,2025-08-20,2025-08,North,Electronics,Online,172.37558944932027,4,689.5,2.0,0,734,High
ORD102185,2025-04-16,2025-04,North,Apparel,Online,46.09343110696492,4,184.37,3.6,0,679,Low
ORD102186,2025-04-22,2025-04,South,Beauty,In-Store,36.637661962873175,2,73.28,5.1,1,425,Low
ORD102187,2025-04-05,2025-04,West,Beauty,In-Store,27.225332101419024,5,136.13,3.7,0,201,Low
ORD102188,2025-06-18,2025-06,East,Home & Kitchen,Online,64.16719516725522,2,128.33,2.6,0,588,Low
ORD102189,2025-08-02,2025-08,South,Apparel,Online,51.68415313936119,1,51.68,2.3,0,535,Low
ORD102190,2025-05-13,2025-05,North,Apparel,Online,40.98717657875113,1,40.99,5.5,1,730,Low
ORD102191,2025-05-30,2025-05,East,Electronics,Online,242.5762337940838,4,970.3,4.3,0,508,Low
ORD102192,2025-04-15,2025-04,North,Beauty,In-Store,40.60951775312779,4,162.44,4.4,0,44,Medium
ORD102193,2025-03-21,2025-03,South,Sports,Online,54.236572106914096,1,54.24,6.3,1,183,Low
ORD102194,2025-08-28,2025-08,East,Apparel,Online,47.643485856317454,5,238.22,4.7,0,343,Low
ORD102195,2025-10-25,2025-10,South,Electronics,Online,278.24903469920724,2,556.5,4.8,0,442,Low
ORD102196,2025-04-17,2025-04,North,Apparel,Online,53.28912054367529,4,213.16,4.3,0,315,Low
ORD102197,2025-11-11,2025-11,North,Electronics,Online,269.7276389159946,3,809.18,5.4,1,791,Medium
ORD102198,2025-07-28,2025-07,North,Sports,Online,74.4479137439562,3,223.34,3.8,0,253,Medium
ORD102199,2025-03-03,2025-03,South,Home & Kitchen,Online,86.2352971387064,4,344.94,7.5,1,612,Medium
ORD102200,2025-05-14,2025-05,West,Electronics,Online,236.5535646169488,5,1182.77,2.7,0,325,Low
ORD102201,2025-01-03,2025-01,North,Home & Kitchen,Online,96.25781650511306,4,385.03,1.8,0,893,Low
ORD102202,2025-01-15,2025-01,East,Beauty,In-Store,35.650613672384665,5,178.25,4.5,0,824,Medium
ORD102203,2025-05-03,2025-05,East,Electronics,Online,257.18888026057147,5,1285.94,3.0,0,706,High
ORD102204,2025-06-15,2025-06,North,Apparel,Online,43.5372428024939,2,87.07,6.2,1,688,Low
ORD102205,2025-10-19,2025-10,North,Apparel,Online,57.59909333655361,3,172.8,5.3,1,579,Low
ORD102206,2025-02-19,2025-02,South,Electronics,In-Store,190.37524496311693,1,190.38,6.4,1,528,Medium
ORD102207,2025-11-03,2025-11,East,Home & Kitchen,In-Store,64.72099011575187,5,323.6,4.4,0,507,High
ORD102208,2025-03-27,2025-03,South,Home & Kitchen,In-Store,75.32908427047929,5,376.65,3.4,0,25,Low
ORD102209,2025-02-20,2025-02,East,Electronics,Online,193.0900110223632,5,965.45,2.0,0,843,Low
ORD102210,2025-09-13,2025-09,West,Electronics,In-Store,256.1301068792861,4,1024.52,5.6,1,883,Medium
ORD102211,2025-10-10,2025-10,East,Beauty,Online,25.851374874149176,5,129.26,2.2,0,474,Medium
ORD102212,2025-08-09,2025-08,West,Apparel,In-Store,52.17942990805236,4,208.72,5.7,1,783,Low
ORD102213,2025-02-12,2025-02,East,Home & Kitchen,In-Store,84.74047651108414,2,169.48,4.1,0,363,Low
ORD102214,2025-02-12,2025-02,West,Home & Kitchen,Online,64.53720381221453,2,129.07,4.4,0,101,Medium
ORD102215,2025-05-23,2025-05,West,Sports,Online,52.85264309308296,3,158.56,5.0,0,751,Medium
ORD102216,2025-06-14,2025-06,East,Sports,Online,63.91252494073535,3,191.74,4.6,0,458,Medium
ORD102217,2025-12-31,2025-12,West,Sports,Online,72.79042276479532,4,291.16,4.3,0,846,Low
ORD102218,2025-04-15,2025-04,West,Home & Kitchen,In-Store,78.30209207378185,4,313.21,5.5,1,192,Low
ORD102219,2025-03-12,2025-03,South,Apparel,Online,38.834228228608254,5,194.17,6.9,1,431,Medium
ORD102220,2025-12-12,2025-12,East,Apparel,In-Store,40.794963586454344,4,163.18,3.5,0,601,Low
ORD102221,2025-02-26,2025-02,South,Apparel,In-Store,34.496191462111994,1,34.5,3.8,0,124,Low
ORD102222,2025-01-10,2025-01,West,Apparel,Online,32.292209284342334,2,64.58,6.1,1,896,Low
ORD102223,2025-06-04,2025-06,South,Electronics,Online,303.8619140475155,2,607.72,2.8,0,547,Low
ORD102224,2025-05-27,2025-05,West,Apparel,Online,34.536912932526334,4,138.15,5.0,0,155,Medium
ORD102225,2025-08-15,2025-08,East,Apparel,In-Store,35.433951370985476,2,70.87,4.2,0,667,Low
ORD102226,2025-11-17,2025-11,West,Electronics,Online,288.128469102265,5,1440.64,3.5,0,790,Medium
ORD102227,2025-12-07,2025-12,North,Electronics,Online,256.1798063007657,2,512.36,4.9,0,336,Medium
ORD102228,2025-04-16,2025-04,East,Sports,Online,60.3150463123037,3,180.95,4.0,0,549,Low
ORD102229,2025-12-24,2025-12,East,Home & Kitchen,In-Store,92.34531072064756,5,461.73,2.6,0,673,High
ORD102230,2025-08-19,2025-08,West,Sports,Online,81.26936258827723,2,162.54,5.7,1,131,Low
ORD102231,2025-01-26,2025-01,West,Home & Kitchen,Online,61.56512944039953,1,61.57,3.2,0,478,Medium
ORD102232,2025-12-09,2025-12,East,Beauty,In-Store,26.117931570681975,2,52.24,4.3,0,503,Low
ORD102233,2025-02-20,2025-02,East,Sports,Online,78.1326169457711,2,156.27,1.6,0,271,High
ORD102234,2025-08-03,2025-08,North,Electronics,Online,274.21845917637046,4,1096.87,4.0,0,270,Low
ORD102235,2025-10-16,2025-10,West,Beauty,Online,41.879391152701004,4,167.52,4.6,0,566,Medium
ORD102236,2025-04-02,2025-04,North,Electronics,Online,202.34195752111762,3,607.03,3.1,0,676,Low
ORD102237,2025-04-09,2025-04,East,Home & Kitchen,Online,108.91363823975851,3,326.74,4.5,0,350,Low
ORD102238,2025-06-23,2025-06,East,Sports,In-Store,56.43493091439017,3,169.3,3.2,0,132,Low
ORD102239,2025-11-19,2025-11,South,Apparel,In-Store,54.02543552234303,1,54.03,5.8,1,708,Low
ORD102240,2025-03-23,2025-03,North,Home & Kitchen,Online,105.43360506680884,1,105.43,4.4,0,157,Low
ORD102241,2025-08-31,2025-08,North,Apparel,Online,36.87963600063839,4,147.52,4.2,0,3,Low
ORD102242,2025-06-15,2025-06,West,Electronics,Online,185.66835287542082,5,928.34,4.9,0,290,Medium
ORD102243,2025-02-10,2025-02,South,Electronics,In-Store,243.46763179698135,3,730.4,3.9,0,736,Low
ORD102244,2025-09-17,2025-09,North,Electronics,In-Store,283.9490145854692,1,283.95,2.6,0,681,Low
ORD102245,2025-10-31,2025-10,East,Electronics,In-Store,166.1582284242052,5,830.79,3.6,0,276,High
ORD102246,2025-07-30,2025-07,North,Home & Kitchen,In-Store,103.64932534633058,2,207.3,2.8,0,467,Medium
ORD102247,2025-03-06,2025-03,West,Home & Kitchen,In-Store,75.2147496545254,4,300.86,5.1,1,863,Low
ORD102248,2025-02-26,2025-02,South,Apparel,In-Store,44.2961383401338,5,221.48,4.6,0,647,Low
ORD102249,2025-06-04,2025-06,North,Home & Kitchen,Online,75.03222135850314,5,375.16,4.2,0,683,Low
ORD102250,2025-07-04,2025-07,North,Electronics,In-Store,294.3679053095838,1,294.37,1.3,0,79,Medium
ORD102251,2025-07-21,2025-07,South,Electronics,In-Store,174.14232629375718,1,174.14,5.6,1,217,High
ORD102252,2025-03-30,2025-03,South,Sports,Online,66.11952820940641,4,264.48,4.5,0,94,Medium
ORD102253,2025-07-02,2025-07,East,Beauty,Online,24.110269693141625,4,96.44,2.7,0,880,High
ORD102254,2025-04-18,2025-04,South,Apparel,Online,60.75073084798749,5,303.75,7.2,1,308,Medium
ORD102255,2025-09-08,2025-09,South,Electronics,Online,276.8814222844854,3,830.64,6.0,1,450,High
ORD102256,2025-10-18,2025-10,North,Sports,In-Store,51.82040951896526,1,51.82,4.2,0,496,Medium
ORD102257,2025-08-27,2025-08,North,Beauty,Online,27.253343629851223,4,109.01,4.2,0,471,Medium
ORD102258,2025-01-01,2025-01,West,Apparel,Online,43.51773283082434,4,174.07,4.4,0,47,Medium
ORD102259,2025-12-29,2025-12,North,Electronics,Online,216.43432199549719,3,649.3,3.4,0,818,Medium
ORD102260,2025-01-09,2025-01,West,Electronics,In-Store,279.87080022933645,4,1119.48,4.7,0,342,Low
ORD102261,2025-12-31,2025-12,South,Home & Kitchen,Online,87.61386789731466,2,175.23,6.6,1,826,Low
ORD102262,2025-01-12,2025-01,North,Beauty,In-Store,29.98693561272629,5,149.93,2.9,0,688,Low
ORD102263,2025-07-08,2025-07,North,Home & Kitchen,Online,96.28890078843575,1,96.29,6.2,1,627,Low
ORD102264,2025-02-08,2025-02,North,Apparel,Online,45.922743604829904,5,229.61,3.5,0,632,High
ORD102265,2025-02-04,2025-02,East,Home & Kitchen,Online,63.18144094554826,5,315.91,2.3,0,880,Medium
ORD102266,2025-09-07,2025-09,South,Sports,Online,46.51454573932019,4,186.06,3.1,0,273,Low
ORD102267,2025-09-23,2025-09,South,Apparel,In-Store,41.76763541354791,5,208.84,2.5,0,296,Low
ORD102268,2025-02-13,2025-02,East,Sports,In-Store,67.32054997983722,5,336.6,2.8,0,603,Low
ORD102269,2025-12-23,2025-12,East,Apparel,Online,35.74750182091938,1,35.75,3.7,0,209,Medium
ORD102270,2025-04-27,2025-04,West,Apparel,Online,48.82922637696833,3,146.49,5.3,1,723,High
ORD102271,2025-04-27,2025-04,West,Home & Kitchen,In-Store,71.09814010928908,4,284.39,3.8,0,27,Low
ORD102272,2025-04-19,2025-04,East,Apparel,In-Store,53.40552259166119,5,267.03,4.3,0,807,Low
ORD102273,2025-06-18,2025-06,West,Beauty,Online,21.593516724703782,4,86.37,4.6,0,312,High
ORD102274,2025-03-06,2025-03,East,Home & Kitchen,In-Store,82.26531216291208,3,246.8,3.3,0,5,Medium
ORD102275,2025-06-05,2025-06,South,Apparel,Online,33.146320693948326,3,99.44,4.5,0,542,High
ORD102276,2025-03-18,2025-03,East,Apparel,Online,41.910994921172595,1,41.91,5.7,1,248,Low
ORD102277,2025-01-19,2025-01,North,Home & Kitchen,In-Store,56.87220808006523,2,113.74,1.2,0,275,Low
ORD102278,2025-05-15,2025-05,East,Apparel,In-Store,46.276610958204834,3,138.83,3.7,0,433,Medium
ORD102279,2025-09-03,2025-09,West,Sports,In-Store,74.21466647607647,5,371.07,3.6,0,522,Low
ORD102280,2025-10-06,2025-10,North,Apparel,Online,34.65693118899725,5,173.28,4.6,0,123,Medium
ORD102281,2025-05-09,2025-05,West,Apparel,Online,54.659514797811845,4,218.64,4.5,0,44,Medium
ORD102282,2025-04-29,2025-04,West,Home & Kitchen,In-Store,88.71493495717054,1,88.71,3.8,0,415,Low
ORD102283,2025-10-15,2025-10,North,Electronics,Online,231.70921206294707,4,926.84,3.4,0,319,Low
ORD102284,2025-09-06,2025-09,South,Home & Kitchen,Online,89.57106268769353,3,268.71,6.9,1,524,Medium
ORD102285,2025-10-31,2025-10,West,Home & Kitchen,In-Store,74.81023937683494,4,299.24,3.8,0,673,High
ORD102286,2025-11-27,2025-11,West,Apparel,Online,53.87569594370112,3,161.63,6.9,1,553,Low
ORD102287,2025-10-27,2025-10,North,Sports,Online,74.74596536067241,4,298.98,4.0,0,94,Medium
ORD102288,2025-12-08,2025-12,South,Sports,Online,74.68540235464884,2,149.37,5.2,1,896,Low
ORD102289,2025-06-02,2025-06,East,Sports,In-Store,53.317311154534906,1,53.32,3.1,0,643,High
ORD102290,2025-05-25,2025-05,North,Apparel,Online,52.09807080523035,2,104.2,4.4,0,45,Medium
ORD102291,2025-04-28,2025-04,South,Apparel,Online,36.165015360976206,5,180.83,4.5,0,687,Low
ORD102292,2025-03-27,2025-03,North,Sports,Online,62.80762377104321,1,62.81,3.9,0,792,Medium
ORD102293,2025-10-01,2025-10,North,Home & Kitchen,Online,56.147238563332984,2,112.29,3.7,0,512,Medium
ORD102294,2025-09-18,2025-09,East,Home & Kitchen,Online,66.84085850446709,2,133.68,4.4,0,749,Medium
ORD102295,2025-10-20,2025-10,East,Home & Kitchen,Online,91.37711048662592,5,456.89,4.4,0,797,Low
ORD102296,2025-03-03,2025-03,East,Sports,Online,78.72318321853142,2,157.45,4.5,0,867,Medium
ORD102297,2025-06-29,2025-06,East,Electronics,Online,161.55035798224773,5,807.75,4.1,0,859,Medium
ORD102298,2025-03-23,2025-03,South,Home & Kitchen,Online,87.27895636176248,5,436.39,7.1,1,175,Low
ORD102299,2025-11-22,2025-11,North,Electronics,Online,252.0633530961747,4,1008.25,4.2,0,32,Low
ORD102300,2025-04-08,2025-04,North,Apparel,Online,60.870315907256504,2,121.74,6.8,1,586,High
ORD102301,2025-02-22,2025-02,North,Home & Kitchen,Online,92.68805250011755,3,278.06,3.8,0,611,Medium
ORD102302,2025-07-28,2025-07,South,Apparel,In-Store,34.74553012782826,4,138.98,5.7,1,512,Low
ORD102303,2025-11-17,2025-11,North,Apparel,In-Store,36.12244364015113,1,36.12,2.1,0,214,High
ORD102304,2025-12-01,2025-12,North,Beauty,Online,34.351046706626946,5,171.76,5.4,1,853,Low
ORD102305,2025-02-05,2025-02,North,Sports,In-Store,51.05602642405577,3,153.17,2.2,0,367,Medium
ORD102306,2025-04-29,2025-04,East,Home & Kitchen,In-Store,107.98510659312814,5,539.93,3.8,0,667,Low
ORD102307,2025-02-26,2025-02,East,Beauty,Online,40.3344312165036,4,161.34,3.7,0,561,Low
ORD102308,2025-04-23,2025-04,West,Apparel,Online,61.38265959495222,5,306.91,5.0,0,806,High
ORD102309,2025-07-14,2025-07,East,Sports,In-Store,54.30400952811211,1,54.3,3.0,0,641,Medium
ORD102310,2025-04-13,2025-04,East,Electronics,Online,264.4102858258887,1,264.41,3.1,0,571,Low
ORD102311,2025-01-25,2025-01,North,Apparel,Online,52.38493806844775,1,52.38,3.4,0,756,High
ORD102312,2025-07-06,2025-07,East,Apparel,In-Store,32.621519112139815,5,163.11,5.1,1,49,High
ORD102313,2025-01-20,2025-01,North,Electronics,Online,194.89702175732708,5,974.49,4.3,0,635,Medium
ORD102314,2025-03-24,2025-03,South,Home & Kitchen,In-Store,67.57893686205023,5,337.89,3.0,0,528,Low
ORD102315,2025-01-01,2025-01,South,Electronics,Online,211.10452466770437,2,422.21,6.5,1,699,Low
ORD102316,2025-02-01,2025-02,South,Home & Kitchen,Online,109.37100812653259,2,218.74,4.1,0,202,Medium
ORD102317,2025-06-09,2025-06,North,Electronics,Online,284.2226523995841,2,568.45,4.6,0,539,High
ORD102318,2025-11-07,2025-11,East,Electronics,Online,199.18738707071464,5,995.94,4.7,0,256,Low
ORD102319,2025-10-10,2025-10,West,Beauty,In-Store,32.13066215308578,2,64.26,4.5,0,106,Low
ORD102320,2025-02-06,2025-02,East,Home & Kitchen,In-Store,66.76690280885306,3,200.3,5.5,1,518,Low
ORD102321,2025-01-13,2025-01,East,Beauty,In-Store,26.826113838214702,4,107.3,2.3,0,20,Low
ORD102322,2025-05-04,2025-05,South,Apparel,Online,33.54760234396886,2,67.1,5.9,1,84,Medium
ORD102323,2025-08-27,2025-08,North,Electronics,Online,252.9614011411928,3,758.88,5.2,1,477,Low
ORD102324,2025-09-30,2025-09,East,Home & Kitchen,Online,92.78756337179442,4,371.15,3.2,0,808,Medium
ORD102325,2025-10-28,2025-10,South,Home & Kitchen,Online,102.95609076499282,4,411.82,4.3,0,644,Medium
ORD102326,2025-05-05,2025-05,North,Electronics,In-Store,288.2189792677971,1,288.22,2.7,0,14,Low
ORD102327,2025-03-03,2025-03,South,Beauty,Online,24.36124738306818,3,73.08,5.6,1,98,High
ORD102328,2025-01-10,2025-01,West,Home & Kitchen,Online,97.61029298512727,1,97.61,2.8,0,388,Low
ORD102329,2025-02-23,2025-02,East,Sports,Online,47.657720578747956,1,47.66,4.7,0,386,Low
ORD102330,2025-01-24,2025-01,South,Apparel,In-Store,43.27202286999304,4,173.09,2.8,0,36,Low
ORD102331,2025-11-11,2025-11,East,Home & Kitchen,Online,84.87004800731638,3,254.61,5.6,1,231,Low
ORD102332,2025-04-08,2025-04,South,Electronics,In-Store,161.61836676940968,2,323.24,5.1,1,115,Low
ORD102333,2025-10-28,2025-10,South,Beauty,In-Store,24.29203794245454,1,24.29,6.8,1,510,High
ORD102334,2025-07-21,2025-07,North,Apparel,In-Store,40.0401571496862,5,200.2,3.8,0,592,Low
ORD102335,2025-07-16,2025-07,South,Electronics,Online,173.64151876366515,5,868.21,4.8,0,352,Low
ORD102336,2025-06-15,2025-06,East,Electronics,Online,297.8508259197753,5,1489.25,3.0,0,514,Medium
ORD102337,2025-10-27,2025-10,North,Home & Kitchen,Online,72.14587453287851,1,72.15,4.0,0,182,High
ORD102338,2025-01-16,2025-01,East,Beauty,In-Store,31.52460495468719,1,31.52,3.3,0,766,Low
ORD102339,2025-02-03,2025-02,North,Beauty,In-Store,41.92721899643941,2,83.85,4.4,0,4,Low
ORD102340,2025-06-04,2025-06,East,Sports,Online,65.79899243111224,1,65.8,2.9,0,454,Low
ORD102341,2025-05-24,2025-05,East,Beauty,Online,29.641411274833775,3,88.92,6.4,1,290,Low
ORD102342,2025-07-19,2025-07,East,Sports,Online,81.05128104881997,4,324.21,5.5,1,406,Low
ORD102343,2025-09-27,2025-09,East,Apparel,In-Store,38.508679294048164,1,38.51,3.1,0,465,Medium
ORD102344,2025-08-03,2025-08,West,Home & Kitchen,Online,66.05204148696764,2,132.1,6.7,1,581,Low
ORD102345,2025-04-04,2025-04,South,Electronics,Online,236.44611283228065,3,709.34,4.3,0,836,Low
ORD102346,2025-04-30,2025-04,East,Electronics,In-Store,219.80446762603407,2,439.61,3.5,0,505,Medium
ORD102347,2025-10-02,2025-10,East,Apparel,Online,56.60506143543714,3,169.82,2.5,0,205,Low
ORD102348,2025-03-15,2025-03,North,Electronics,Online,160.46954636087253,3,481.41,5.9,1,472,Low
ORD102349,2025-07-04,2025-07,North,Beauty,Online,33.97224231263562,5,169.86,1.7,0,461,Medium
ORD102350,2025-07-16,2025-07,South,Beauty,Online,35.92426200085541,2,71.85,3.5,0,778,Low
ORD102351,2025-10-01,2025-10,North,Apparel,In-Store,62.11537796595495,1,62.12,2.2,0,510,Low
ORD102352,2025-09-18,2025-09,South,Sports,Online,48.12205441007309,5,240.61,6.8,1,781,Low
ORD102353,2025-06-19,2025-06,South,Apparel,Online,39.25666138934823,3,117.77,6.3,1,584,Medium
ORD102354,2025-04-23,2025-04,East,Electronics,Online,297.5962576616633,3,892.79,4.1,0,515,Medium
ORD102355,2025-05-15,2025-05,North,Apparel,Online,51.364808632723964,4,205.46,4.9,0,296,Low
ORD102356,2025-05-31,2025-05,West,Electronics,In-Store,159.8595510412688,5,799.3,3.7,0,231,Low
ORD102357,2025-03-22,2025-03,South,Apparel,Online,33.936336071057035,1,33.94,5.7,1,90,Low
ORD102358,2025-08-17,2025-08,East,Electronics,Online,274.9578463366609,5,1374.79,6.0,1,493,Low
ORD102359,2025-03-18,2025-03,North,Electronics,Online,241.39107276228802,4,965.56,3.4,0,829,Medium
ORD102360,2025-08-25,2025-08,South,Electronics,Online,241.07398416930658,3,723.22,4.3,0,12,High
ORD102361,2025-10-02,2025-10,North,Beauty,Online,39.477178509537,5,197.39,4.3,0,857,Low
ORD102362,2025-12-18,2025-12,East,Electronics,Online,191.12907958316916,2,382.26,4.9,0,773,Low
ORD102363,2025-02-13,2025-02,South,Apparel,In-Store,36.55357592739363,4,146.21,4.6,0,394,Medium
ORD102364,2025-10-05,2025-10,West,Home & Kitchen,Online,90.3731330668365,3,271.12,5.7,1,282,Low
ORD102365,2025-02-01,2025-02,South,Apparel,Online,59.29632757609732,5,296.48,5.0,0,522,Low
ORD102366,2025-05-04,2025-05,East,Home & Kitchen,Online,70.85403610138661,3,212.56,4.2,0,770,High
ORD102367,2025-03-06,2025-03,North,Electronics,In-Store,258.91933217786817,4,1035.68,3.4,0,27,Low
ORD102368,2025-03-01,2025-03,East,Home & Kitchen,Online,64.53322578406335,3,193.6,4.3,0,404,Low
ORD102369,2025-03-06,2025-03,South,Home & Kitchen,In-Store,65.62688696643234,2,131.25,6.4,1,43,Low
ORD102370,2025-01-17,2025-01,South,Home & Kitchen,Online,106.48456324031329,2,212.97,5.6,1,579,Medium
ORD102371,2025-10-28,2025-10,North,Home & Kitchen,In-Store,62.60603971475702,5,313.03,2.6,0,69,Medium
ORD102372,2025-01-23,2025-01,North,Apparel,In-Store,32.26688440463863,5,161.33,3.6,0,285,Low
ORD102373,2025-05-26,2025-05,North,Apparel,Online,55.910624115489696,2,111.82,4.9,0,665,Medium
ORD102374,2025-09-13,2025-09,West,Electronics,Online,209.82647047287776,5,1049.13,5.4,1,677,Low
ORD102375,2025-12-28,2025-12,South,Home & Kitchen,Online,78.21287892331932,3,234.64,6.1,1,205,High
ORD102376,2025-11-08,2025-11,North,Electronics,In-Store,277.1780619158621,1,277.18,1.2,0,462,Low
ORD102377,2025-02-20,2025-02,West,Apparel,In-Store,37.16797743468647,4,148.67,1.0,0,166,Low
ORD102378,2025-12-27,2025-12,North,Home & Kitchen,Online,92.41830872517798,1,92.42,5.2,1,532,Medium
ORD102379,2025-08-27,2025-08,South,Electronics,Online,202.2833626409957,5,1011.42,5.7,1,8,Low
ORD102380,2025-03-07,2025-03,East,Electronics,Online,170.057342939614,3,510.17,4.0,0,732,Medium
ORD102381,2025-06-13,2025-06,West,Home & Kitchen,Online,94.4997787423249,5,472.5,5.3,1,21,Low
ORD102382,2025-12-02,2025-12,East,Apparel,In-Store,41.53792023835448,3,124.61,5.6,1,548,Low
ORD102383,2025-05-24,2025-05,South,Sports,Online,78.39737237976297,1,78.4,6.9,1,365,Low
ORD102384,2025-03-09,2025-03,West,Beauty,Online,40.299748654869916,4,161.2,5.7,1,201,Low
ORD102385,2025-11-16,2025-11,North,Beauty,In-Store,38.83008700034001,4,155.32,1.9,0,487,Low
ORD102386,2025-12-14,2025-12,West,Apparel,In-Store,41.65408004421705,2,83.31,2.9,0,128,Low
ORD102387,2025-12-23,2025-12,West,Electronics,In-Store,190.43372415138703,2,380.87,1.0,0,521,Low
ORD102388,2025-12-15,2025-12,West,Home & Kitchen,Online,105.99683597483678,5,529.98,5.3,1,580,Medium
ORD102389,2025-11-15,2025-11,North,Home & Kitchen,In-Store,81.36503109708184,4,325.46,4.3,0,412,Medium
ORD102390,2025-06-15,2025-06,North,Home & Kitchen,Online,95.63342451924888,2,191.27,5.1,1,326,Low
ORD102391,2025-03-12,2025-03,East,Apparel,Online,57.55567234443498,4,230.22,4.8,0,414,Low
ORD102392,2025-08-14,2025-08,South,Electronics,Online,196.76374484964467,2,393.53,5.0,0,861,Low
ORD102393,2025-03-22,2025-03,South,Electronics,In-Store,172.3410039019577,1,172.34,3.8,0,678,Low
ORD102394,2025-06-22,2025-06,West,Electronics,Online,250.22344475486602,4,1000.89,3.5,0,6,Low
ORD102395,2025-08-28,2025-08,East,Electronics,In-Store,244.88960738753664,5,1224.45,3.1,0,261,Low
ORD102396,2025-12-12,2025-12,South,Beauty,In-Store,26.67420152583009,5,133.37,3.3,0,23,High
ORD102397,2025-04-16,2025-04,South,Electronics,In-Store,244.0448350933427,3,732.13,6.6,1,214,Medium
ORD102398,2025-04-02,2025-04,North,Home & Kitchen,In-Store,100.2600062507872,1,100.26,1.4,0,700,Low
ORD102399,2025-09-26,2025-09,North,Beauty,In-Store,28.350230629226676,3,85.05,2.8,0,769,Low
ORD102400,2025-01-03,2025-01,North,Apparel,Online,39.133008146155525,4,156.53,1.4,0,411,Low
ORD102401,2025-07-26,2025-07,West,Home & Kitchen,Online,96.60006796213514,5,483.0,4.9,0,620,Low
ORD102402,2025-09-30,2025-09,East,Home & Kitchen,In-Store,100.00883293418049,1,100.01,3.3,0,334,Low
ORD102403,2025-07-21,2025-07,South,Apparel,Online,61.56011729287099,4,246.24,4.8,0,429,Low
ORD102404,2025-05-21,2025-05,South,Apparel,Online,36.14895342190034,3,108.45,4.1,0,746,Low
ORD102405,2025-10-30,2025-10,East,Sports,In-Store,79.34909227930417,3,238.05,3.3,0,248,Low
ORD102406,2025-05-16,2025-05,West,Sports,Online,74.13415006997589,1,74.13,3.8,0,287,Medium
ORD102407,2025-09-17,2025-09,West,Sports,In-Store,71.47979613309728,1,71.48,3.6,0,123,Low
ORD102408,2025-06-19,2025-06,South,Beauty,Online,27.57412621299794,4,110.3,7.5,1,197,High
ORD102409,2025-01-10,2025-01,West,Apparel,In-Store,32.19907796242685,1,32.2,4.0,0,34,Low
ORD102410,2025-07-13,2025-07,South,Sports,Online,63.317120753016574,4,253.27,5.8,1,734,Low
ORD102411,2025-01-19,2025-01,South,Home & Kitchen,In-Store,72.00308508320009,1,72.0,3.9,0,767,Low
ORD102412,2025-12-06,2025-12,West,Home & Kitchen,In-Store,72.22997705989471,5,361.15,2.9,0,379,Low
ORD102413,2025-08-08,2025-08,South,Sports,Online,80.93982024209144,2,161.88,5.2,1,534,Low
ORD102414,2025-05-16,2025-05,South,Sports,Online,48.424693466234785,3,145.27,8.2,1,224,Low
ORD102415,2025-06-27,2025-06,South,Beauty,Online,40.618879971401626,2,81.24,4.9,0,42,Low
ORD102416,2025-08-15,2025-08,South,Apparel,Online,47.36991136533831,3,142.11,5.6,1,464,Low
ORD102417,2025-04-05,2025-04,South,Home & Kitchen,Online,102.94363945941245,3,308.83,4.2,0,143,Low
ORD102418,2025-04-16,2025-04,East,Apparel,Online,40.43300850042017,4,161.73,1.0,0,763,Medium
ORD102419,2025-06-02,2025-06,South,Home & Kitchen,In-Store,91.49955718874516,4,366.0,3.6,0,252,Medium
ORD102420,2025-04-05,2025-04,North,Sports,Online,65.3767126203835,5,326.88,6.6,1,664,Medium
ORD102421,2025-10-04,2025-10,West,Sports,Online,80.81497575554901,1,80.81,5.2,1,237,High
ORD102422,2025-02-07,2025-02,South,Apparel,Online,37.14790044553626,5,185.74,7.2,1,114,Low
ORD102423,2025-10-29,2025-10,West,Home & Kitchen,Online,67.45591382557885,4,269.82,4.1,0,494,High
ORD102424,2025-05-08,2025-05,North,Apparel,Online,61.392378582786655,2,122.78,1.0,0,165,Low
ORD102425,2025-07-24,2025-07,East,Electronics,In-Store,169.08655160106017,5,845.43,2.0,0,360,Low
ORD102426,2025-02-27,2025-02,South,Electronics,In-Store,251.74110023277544,4,1006.96,5.0,0,264,Medium
ORD102427,2025-05-21,2025-05,West,Beauty,Online,22.271846377520315,1,22.27,4.8,0,794,Low
ORD102428,2025-10-03,2025-10,North,Apparel,In-Store,33.925210455799004,1,33.93,3.0,0,453,Low
ORD102429,2025-04-09,2025-04,West,Beauty,Online,33.540123600936155,4,134.16,3.9,0,647,Low
ORD102430,2025-02-18,2025-02,South,Electronics,Online,238.91066617172504,4,955.64,6.3,1,530,Low
ORD102431,2025-07-10,2025-07,East,Sports,In-Store,66.0671003476509,1,66.07,2.7,0,819,Low
ORD102432,2025-03-01,2025-03,South,Home & Kitchen,Online,82.5245174067968,4,330.1,5.6,1,396,Medium
ORD102433,2025-04-25,2025-04,North,Home & Kitchen,Online,97.57212307256985,3,292.72,3.9,0,776,Low
ORD102434,2025-06-14,2025-06,South,Home & Kitchen,In-Store,111.56255803643433,5,557.81,4.1,0,808,Low
ORD102435,2025-07-25,2025-07,North,Sports,Online,53.58281234839493,4,214.33,2.6,0,829,Low
ORD102436,2025-08-22,2025-08,South,Beauty,Online,27.792233013613913,5,138.96,4.7,0,626,High
ORD102437,2025-09-04,2025-09,East,Home & Kitchen,Online,74.09077437122002,1,74.09,6.2,1,882,High
ORD102438,2025-11-05,2025-11,South,Electronics,In-Store,271.5434177311012,4,1086.17,5.8,1,670,Medium
ORD102439,2025-01-25,2025-01,North,Electronics,In-Store,207.59438717305412,2,415.19,4.2,0,281,Low
ORD102440,2025-05-13,2025-05,North,Sports,In-Store,70.42295683847132,3,211.27,2.1,0,142,Low
ORD102441,2025-01-01,2025-01,North,Apparel,Online,45.545458045875755,5,227.73,2.0,0,189,Low
ORD102442,2025-01-04,2025-01,North,Home & Kitchen,In-Store,90.03706135328869,5,450.19,4.3,0,516,Medium
ORD102443,2025-03-19,2025-03,East,Home & Kitchen,Online,102.42486087707434,2,204.85,5.1,1,149,Low
ORD102444,2025-08-07,2025-08,North,Apparel,Online,47.69284865795748,2,95.39,3.9,0,214,Medium
ORD102445,2025-11-23,2025-11,West,Sports,Online,61.95727443556163,4,247.83,4.1,0,565,Low
ORD102446,2025-10-10,2025-10,North,Sports,In-Store,53.21293251142272,5,266.06,1.2,0,300,High
ORD102447,2025-08-24,2025-08,North,Sports,Online,63.66799243643092,4,254.67,4.7,0,613,Low
ORD102448,2025-10-12,2025-10,West,Sports,In-Store,53.02131546220336,1,53.02,5.2,1,897,Low
ORD102449,2025-03-04,2025-03,North,Beauty,Online,38.71497432007713,1,38.71,2.9,0,79,Low
ORD102450,2025-11-03,2025-11,South,Home & Kitchen,Online,77.7763855042487,4,311.11,4.3,0,577,Medium
ORD102451,2025-11-21,2025-11,West,Beauty,In-Store,23.71126026853403,4,94.85,5.3,1,739,High
ORD102452,2025-02-04,2025-02,West,Electronics,In-Store,190.95499930065944,5,954.77,3.0,0,127,Low
ORD102453,2025-06-21,2025-06,East,Home & Kitchen,Online,85.93656217816633,3,257.81,6.1,1,704,High
ORD102454,2025-10-30,2025-10,North,Sports,In-Store,80.4840756648496,3,241.45,2.9,0,457,Low
ORD102455,2025-06-23,2025-06,East,Apparel,Online,40.967687205105555,1,40.97,3.5,0,565,Low
ORD102456,2025-11-03,2025-11,West,Apparel,In-Store,39.82816542912831,4,159.31,3.9,0,47,Low
ORD102457,2025-12-08,2025-12,West,Home & Kitchen,Online,78.76735074936758,5,393.84,4.0,0,392,Low
ORD102458,2025-06-23,2025-06,North,Apparel,Online,61.98426606620261,1,61.98,5.1,1,330,Medium
ORD102459,2025-01-22,2025-01,South,Beauty,Online,38.74961316368842,3,116.25,6.3,1,139,Low
ORD102460,2025-05-05,2025-05,South,Apparel,Online,36.21454045885278,2,72.43,6.5,1,686,Low
ORD102461,2025-03-20,2025-03,North,Electronics,Online,248.51800621344069,4,994.07,3.9,0,455,Low
ORD102462,2025-06-23,2025-06,East,Home & Kitchen,Online,100.34439538726593,4,401.38,3.5,0,790,Medium
ORD102463,2025-08-02,2025-08,North,Apparel,In-Store,55.692325753162486,2,111.38,3.0,0,144,High
ORD102464,2025-06-19,2025-06,South,Electronics,Online,229.28220573021082,5,1146.41,4.7,0,657,Medium
ORD102465,2025-03-13,2025-03,North,Home & Kitchen,Online,96.98255759774636,1,96.98,5.5,1,544,Low
ORD102466,2025-04-20,2025-04,South,Home & Kitchen,Online,88.68085019320708,4,354.72,6.4,1,586,Low
ORD102467,2025-09-06,2025-09,North,Electronics,In-Store,185.0225273592392,4,740.09,2.9,0,279,Low
ORD102468,2025-01-10,2025-01,South,Home & Kitchen,Online,59.13900387564448,1,59.14,4.1,0,622,High
ORD102469,2025-03-20,2025-03,North,Home & Kitchen,Online,76.69198208281887,4,306.77,5.5,1,223,Low
ORD102470,2025-11-22,2025-11,West,Sports,In-Store,44.60143808179667,2,89.2,4.0,0,686,High
ORD102471,2025-02-06,2025-02,North,Apparel,Online,43.9429222235081,2,87.89,3.5,0,397,Medium
ORD102472,2025-06-01,2025-06,South,Electronics,In-Store,281.64736624189703,1,281.65,6.4,1,432,Medium
ORD102473,2025-03-17,2025-03,North,Beauty,Online,38.730177116475204,4,154.92,3.1,0,523,Medium
ORD102474,2025-02-08,2025-02,North,Home & Kitchen,In-Store,57.90813959504099,5,289.54,2.6,0,76,Low
ORD102475,2025-06-04,2025-06,North,Electronics,Online,164.70846199646206,3,494.13,3.4,0,331,Low
ORD102476,2025-07-10,2025-07,North,Sports,In-Store,70.13441767883226,4,280.54,1.4,0,183,Low
ORD102477,2025-03-06,2025-03,North,Electronics,In-Store,230.99979902109877,2,462.0,3.4,0,867,Low
ORD102478,2025-01-29,2025-01,South,Sports,Online,48.27305249467641,3,144.82,4.3,0,380,Medium
ORD102479,2025-02-19,2025-02,East,Sports,Online,75.83224394474792,4,303.33,3.3,0,6,Low
ORD102480,2025-08-26,2025-08,North,Beauty,Online,25.54641941683486,3,76.64,2.9,0,24,High
ORD102481,2025-11-11,2025-11,South,Beauty,Online,22.641134348609924,4,90.56,4.5,0,821,High
ORD102482,2025-03-07,2025-03,East,Electronics,In-Store,269.4240992674013,1,269.42,2.3,0,141,Low
ORD102483,2025-04-27,2025-04,North,Sports,Online,67.54129093454249,3,202.62,4.0,0,1,Low
ORD102484,2025-05-06,2025-05,South,Apparel,Online,43.92494627003669,5,219.62,5.0,0,191,Low
ORD102485,2025-05-12,2025-05,North,Home & Kitchen,In-Store,94.79266741187793,4,379.17,3.1,0,195,Low
ORD102486,2025-03-31,2025-03,North,Home & Kitchen,In-Store,107.03731856670736,2,214.07,5.8,1,72,Medium
ORD102487,2025-01-21,2025-01,South,Electronics,In-Store,159.26409618606374,3,477.79,4.3,0,896,Medium
ORD102488,2025-07-11,2025-07,West,Electronics,Online,250.66263340200163,4,1002.65,5.2,1,54,Medium
ORD102489,2025-05-11,2025-05,West,Electronics,Online,187.5977637403962,5,937.99,5.4,1,655,Low
ORD102490,2025-05-05,2025-05,West,Electronics,Online,227.01721503097312,5,1135.09,4.4,0,753,Medium
ORD102491,2025-04-07,2025-04,South,Electronics,Online,219.29309384803892,5,1096.47,5.5,1,580,Medium
ORD102492,2025-12-06,2025-12,North,Beauty,Online,29.189573024525124,4,116.76,3.7,0,119,High
ORD102493,2025-08-11,2025-08,South,Home & Kitchen,Online,66.65994161385785,2,133.32,5.4,1,653,Medium
ORD102494,2025-06-02,2025-06,North,Sports,Online,75.71129733068923,2,151.42,3.0,0,297,Medium
ORD102495,2025-03-16,2025-03,North,Sports,Online,57.9398645669634,3,173.82,3.1,0,368,Low
ORD102496,2025-10-20,2025-10,North,Sports,Online,79.26224295933214,3,237.79,3.7,0,226,Medium
ORD102497,2025-11-21,2025-11,South,Apparel,Online,42.67205059781446,5,213.36,2.8,0,706,Low
ORD102498,2025-01-12,2025-01,South,Beauty,Online,38.63398023826222,5,193.17,7.0,1,522,Low
ORD102499,2025-12-06,2025-12,North,Sports,Online,64.86758592403687,5,324.34,6.3,1,140,Low
ORD102500,2025-09-13,2025-09,East,Sports,In-Store,58.19625986411127,4,232.79,3.5,0,367,Low
ORD102501,2025-02-06,2025-02,South,Beauty,In-Store,35.784676506557915,1,35.78,5.3,1,714,Low
ORD102502,2025-10-02,2025-10,West,Home & Kitchen,Online,100.05265897779165,1,100.05,5.8,1,843,Low
ORD102503,2025-02-09,2025-02,North,Home & Kitchen,Online,83.03068425537099,2,166.06,2.1,0,845,Medium
ORD102504,2025-01-19,2025-01,South,Beauty,Online,29.93382899605427,4,119.74,6.3,1,122,Medium
ORD102505,2025-02-12,2025-02,North,Apparel,Online,49.688697566728145,2,99.38,3.2,0,772,High
ORD102506,2025-06-17,2025-06,South,Sports,Online,66.57686189724016,4,266.31,7.9,1,510,Medium
ORD102507,2025-08-15,2025-08,North,Electronics,In-Store,219.52379924162184,5,1097.62,2.8,0,665,Low
ORD102508,2025-05-29,2025-05,North,Electronics,Online,270.6800832801662,2,541.36,4.8,0,347,Medium
ORD102509,2025-02-14,2025-02,East,Home & Kitchen,Online,78.38440107421323,5,391.92,3.8,0,586,Medium
ORD102510,2025-03-14,2025-03,North,Electronics,In-Store,223.7617448039039,3,671.29,5.6,1,233,Low
ORD102511,2025-11-08,2025-11,North,Beauty,Online,33.71168270986976,5,168.56,3.1,0,469,High
ORD102512,2025-12-18,2025-12,West,Electronics,Online,305.97473089732233,1,305.97,5.9,1,203,High
ORD102513,2025-10-03,2025-10,North,Sports,Online,52.94881666259232,2,105.9,4.5,0,356,Low
ORD102514,2025-02-07,2025-02,East,Electronics,In-Store,189.72073118637482,5,948.6,3.8,0,367,Medium
ORD102515,2025-10-27,2025-10,South,Beauty,Online,24.714632596772635,5,123.57,5.5,1,779,Low
ORD102516,2025-09-10,2025-09,North,Apparel,In-Store,53.2174927507062,3,159.65,2.2,0,565,High
ORD102517,2025-07-12,2025-07,South,Electronics,In-Store,223.16057416243476,1,223.16,1.4,0,583,Medium
ORD102518,2025-02-22,2025-02,North,Electronics,Online,213.8453763714383,1,213.85,5.0,0,256,Low
ORD102519,2025-12-30,2025-12,East,Home & Kitchen,In-Store,67.42906095233664,3,202.29,2.7,0,391,Medium
ORD102520,2025-06-11,2025-06,North,Beauty,Online,39.7139059254701,5,198.57,5.1,1,426,Low
ORD102521,2025-01-17,2025-01,North,Beauty,Online,30.3066337396701,2,60.61,4.1,0,706,Low
ORD102522,2025-03-18,2025-03,South,Apparel,Online,50.64233931181936,5,253.21,6.6,1,167,Medium
ORD102523,2025-05-27,2025-05,West,Apparel,In-Store,35.04468171621464,3,105.13,4.8,0,49,Medium
ORD102524,2025-01-23,2025-01,East,Electronics,Online,170.62772136947476,1,170.63,1.0,0,455,Low
ORD102525,2025-04-29,2025-04,West,Home & Kitchen,Online,59.77185433318376,3,179.32,5.2,1,731,Medium
ORD102526,2025-06-20,2025-06,East,Home & Kitchen,In-Store,76.57138052694444,2,153.14,2.9,0,660,Low
ORD102527,2025-12-13,2025-12,East,Electronics,Online,226.82453673755438,2,453.65,5.4,1,729,Low
ORD102528,2025-02-01,2025-02,South,Home & Kitchen,In-Store,69.69637636915726,4,278.79,5.2,1,354,Medium
ORD102529,2025-07-30,2025-07,West,Beauty,In-Store,28.3432276234235,2,56.69,4.5,0,206,Low
ORD102530,2025-12-01,2025-12,South,Electronics,Online,154.96404523966052,5,774.82,4.9,0,594,Low
ORD102531,2025-10-22,2025-10,South,Electronics,In-Store,208.0676236502548,5,1040.34,3.4,0,34,High
ORD102532,2025-12-04,2025-12,East,Electronics,In-Store,172.3523855639505,4,689.41,2.8,0,806,Medium
ORD102533,2025-03-04,2025-03,South,Electronics,Online,173.77120966957898,1,173.77,3.0,0,642,Medium
ORD102534,2025-10-20,2025-10,North,Electronics,In-Store,154.69393902424048,5,773.47,2.3,0,454,Medium
ORD102535,2025-12-24,2025-12,South,Home & Kitchen,In-Store,94.99731169964598,3,284.99,2.7,0,180,High
ORD102536,2025-04-30,2025-04,South,Electronics,In-Store,297.41770120360513,4,1189.67,2.8,0,226,High
ORD102537,2025-07-02,2025-07,West,Sports,In-Store,68.1049135557906,1,68.1,3.9,0,896,Low
ORD102538,2025-07-13,2025-07,South,Beauty,Online,23.0202430904861,4,92.08,5.8,1,14,Low
ORD102539,2025-06-30,2025-06,West,Beauty,Online,41.78263843724259,2,83.57,4.5,0,9,Low
ORD102540,2025-04-16,2025-04,South,Home & Kitchen,Online,110.63276956908474,4,442.53,4.6,0,313,Low
ORD102541,2025-12-21,2025-12,East,Electronics,Online,226.10811849125324,2,452.22,2.9,0,207,Low
ORD102542,2025-12-16,2025-12,North,Electronics,In-Store,170.61185963456956,5,853.06,2.6,0,609,Medium
ORD102543,2025-05-19,2025-05,West,Electronics,In-Store,264.9938536856695,4,1059.98,2.8,0,38,Medium
ORD102544,2025-10-21,2025-10,South,Beauty,Online,41.19083229415218,3,123.57,5.1,1,707,High
ORD102545,2025-05-26,2025-05,North,Beauty,Online,37.35269168691254,3,112.06,1.9,0,704,Low
ORD102546,2025-10-18,2025-10,North,Apparel,In-Store,51.1623899189859,1,51.16,3.8,0,207,Low
ORD102547,2025-08-02,2025-08,North,Apparel,Online,50.74120492468893,2,101.48,3.0,0,521,Low
ORD102548,2025-06-21,2025-06,South,Home & Kitchen,In-Store,110.7634143955152,4,443.05,5.0,0,604,Low
ORD102549,2025-02-16,2025-02,East,Apparel,In-Store,33.80325910982273,5,169.02,4.4,0,763,Low
ORD102550,2025-08-27,2025-08,West,Beauty,Online,24.14067641140315,5,120.7,4.9,0,659,High
ORD102551,2025-04-28,2025-04,East,Electronics,Online,281.9449624899109,1,281.94,5.0,0,866,Low
ORD102552,2025-03-21,2025-03,South,Apparel,In-Store,36.071062030072405,2,72.14,2.0,0,105,Medium
ORD102553,2025-03-12,2025-03,South,Apparel,Online,43.57383933826443,4,174.3,4.6,0,549,Low
ORD102554,2025-12-25,2025-12,West,Electronics,In-Store,197.35088543243154,2,394.7,5.1,1,695,Low
ORD102555,2025-02-07,2025-02,West,Apparel,Online,39.16850856787238,2,78.34,5.1,1,209,High
ORD102556,2025-10-19,2025-10,North,Beauty,Online,21.54016097327696,2,43.08,5.9,1,197,High
ORD102557,2025-11-13,2025-11,West,Electronics,Online,241.20269458436087,5,1206.01,6.5,1,84,Low
ORD102558,2025-01-12,2025-01,South,Home & Kitchen,In-Store,78.4694131666738,5,392.35,4.9,0,887,High
ORD102559,2025-08-04,2025-08,West,Apparel,In-Store,48.875091698065845,1,48.88,3.5,0,779,Low
ORD102560,2025-07-30,2025-07,West,Electronics,In-Store,200.89426380061556,5,1004.47,2.6,0,109,Medium
ORD102561,2025-05-11,2025-05,East,Electronics,Online,298.9849716783564,3,896.95,3.4,0,221,Low
ORD102562,2025-09-01,2025-09,North,Electronics,In-Store,245.0674676051952,5,1225.34,2.5,0,412,Low
ORD102563,2025-05-30,2025-05,East,Electronics,Online,302.02588516596904,4,1208.1,3.3,0,804,Medium
ORD102564,2025-06-10,2025-06,North,Apparel,Online,42.525187559147746,4,170.1,2.6,0,743,Medium
ORD102565,2025-06-07,2025-06,East,Sports,In-Store,42.09616056854553,3,126.29,3.8,0,790,Medium
ORD102566,2025-10-20,2025-10,North,Sports,Online,74.81315372842249,4,299.25,5.7,1,745,Low
ORD102567,2025-08-20,2025-08,East,Beauty,In-Store,38.374955945773486,5,191.87,4.4,0,565,High
ORD102568,2025-05-19,2025-05,West,Apparel,Online,33.34915701181058,3,100.05,4.1,0,262,Low
ORD102569,2025-12-05,2025-12,North,Sports,Online,68.26550759541739,1,68.27,4.9,0,543,Low
ORD102570,2025-10-20,2025-10,South,Home & Kitchen,Online,93.01700055424674,1,93.02,5.6,1,445,Low
ORD102571,2025-12-07,2025-12,East,Electronics,In-Store,176.44301552532505,3,529.33,3.3,0,855,Low
ORD102572,2025-09-24,2025-09,South,Apparel,Online,48.90452341485631,3,146.71,5.1,1,404,Low
ORD102573,2025-05-23,2025-05,North,Home & Kitchen,In-Store,69.61913731807684,5,348.1,2.8,0,680,Medium
ORD102574,2025-10-10,2025-10,North,Sports,Online,42.69097153458968,1,42.69,4.5,0,156,Low
ORD102575,2025-05-01,2025-05,South,Apparel,In-Store,58.807699346847706,5,294.04,4.7,0,615,Medium
ORD102576,2025-04-09,2025-04,East,Electronics,Online,229.72105636887545,1,229.72,3.1,0,408,Low
ORD102577,2025-06-14,2025-06,East,Beauty,Online,37.41568111912493,3,112.25,3.1,0,392,Medium
ORD102578,2025-12-20,2025-12,North,Electronics,In-Store,265.3255269632827,3,795.98,3.4,0,679,Low
ORD102579,2025-07-27,2025-07,South,Beauty,In-Store,41.867810481305106,3,125.6,5.0,0,436,Low
ORD102580,2025-05-21,2025-05,South,Sports,Online,60.39404296385011,1,60.39,4.8,0,53,Medium
ORD102581,2025-06-18,2025-06,North,Sports,Online,59.957125483801455,4,239.83,2.3,0,350,High
ORD102582,2025-04-17,2025-04,East,Sports,Online,53.83373381614915,1,53.83,5.5,1,866,High
ORD102583,2025-08-29,2025-08,South,Electronics,In-Store,250.27267086409503,4,1001.09,5.7,1,851,Low
ORD102584,2025-05-08,2025-05,South,Home & Kitchen,In-Store,83.22230003109593,3,249.67,2.1,0,553,High
ORD102585,2025-07-22,2025-07,West,Sports,In-Store,72.60796712995008,5,363.04,5.4,1,574,Medium
ORD102586,2025-05-15,2025-05,South,Sports,In-Store,56.97349133453994,5,284.87,4.2,0,237,High
ORD102587,2025-04-28,2025-04,East,Electronics,In-Store,174.15009020783617,5,870.75,3.5,0,702,Low
ORD102588,2025-12-21,2025-12,North,Electronics,Online,286.8150596263959,3,860.45,5.1,1,539,Low
ORD102589,2025-05-07,2025-05,North,Apparel,Online,57.58347867188757,3,172.75,5.7,1,34,Low
ORD102590,2025-01-26,2025-01,North,Apparel,In-Store,42.55650589414594,4,170.23,4.2,0,854,Medium
ORD102591,2025-05-19,2025-05,East,Home & Kitchen,Online,94.65969618067194,4,378.64,4.3,0,767,Low
ORD102592,2025-07-14,2025-07,West,Sports,Online,62.68092206357569,4,250.72,2.8,0,74,Low
ORD102593,2025-02-04,2025-02,North,Sports,In-Store,73.9608280795062,3,221.88,1.0,0,376,Medium
ORD102594,2025-04-22,2025-04,North,Home & Kitchen,In-Store,77.8474126452127,3,233.54,4.1,0,668,High
ORD102595,2025-03-02,2025-03,South,Electronics,In-Store,236.48844225024934,1,236.49,6.1,1,663,Medium
ORD102596,2025-07-02,2025-07,East,Apparel,Online,33.32120727803954,1,33.32,3.0,0,151,Medium
ORD102597,2025-09-21,2025-09,East,Apparel,In-Store,37.00966442002456,5,185.05,3.0,0,36,Low
ORD102598,2025-12-20,2025-12,East,Electronics,Online,274.39190359736585,5,1371.96,3.3,0,886,High
ORD102599,2025-05-23,2025-05,West,Electronics,Online,212.7610842546231,4,851.04,3.8,0,804,Low
ORD102600,2025-11-12,2025-11,North,Apparel,In-Store,32.60582086323209,2,65.21,4.3,0,664,Low
ORD102601,2025-03-20,2025-03,East,Electronics,In-Store,179.8159879996398,1,179.82,3.6,0,594,Low
ORD102602,2025-10-12,2025-10,East,Home & Kitchen,In-Store,79.0494897967944,1,79.05,3.0,0,618,Low
ORD102603,2025-07-25,2025-07,South,Electronics,In-Store,264.5586184805828,4,1058.23,7.7,1,412,Medium
ORD102604,2025-10-04,2025-10,West,Electronics,In-Store,209.97669643831355,4,839.91,2.1,0,616,Medium
ORD102605,2025-10-03,2025-10,North,Electronics,Online,268.7586061743458,2,537.52,4.4,0,273,Low
ORD102606,2025-07-14,2025-07,East,Home & Kitchen,Online,104.05139288852467,1,104.05,2.7,0,76,Low
ORD102607,2025-04-04,2025-04,East,Home & Kitchen,In-Store,75.1036503955199,1,75.1,3.1,0,280,Low
ORD102608,2025-07-12,2025-07,West,Apparel,In-Store,56.7118304819144,4,226.85,4.0,0,265,Low
ORD102609,2025-10-29,2025-10,South,Electronics,Online,173.5396225532492,4,694.16,6.2,1,273,High
ORD102610,2025-12-21,2025-12,South,Beauty,Online,29.720954026504845,2,59.44,4.9,0,424,Medium
ORD102611,2025-12-05,2025-12,West,Home & Kitchen,Online,61.46349419176918,4,245.85,4.1,0,118,Low
ORD102612,2025-03-08,2025-03,East,Home & Kitchen,Online,58.941567372507436,5,294.71,3.7,0,367,Low
ORD102613,2025-08-07,2025-08,South,Home & Kitchen,In-Store,59.61353313918502,3,178.84,3.2,0,417,Medium
ORD102614,2025-02-08,2025-02,East,Sports,Online,46.39958513742873,2,92.8,4.8,0,170,Medium
ORD102615,2025-09-02,2025-09,North,Beauty,Online,38.550244391744364,1,38.55,4.0,0,408,High
ORD102616,2025-12-29,2025-12,East,Apparel,In-Store,48.625829394461235,4,194.5,3.8,0,607,Low
ORD102617,2025-01-20,2025-01,West,Home & Kitchen,Online,109.0537385155126,3,327.16,4.4,0,371,Low
ORD102618,2025-08-28,2025-08,South,Electronics,Online,236.85204640212706,2,473.7,5.0,0,3,Low
ORD102619,2025-12-12,2025-12,South,Home & Kitchen,Online,91.20783460938165,1,91.21,6.6,1,633,Medium
ORD102620,2025-11-06,2025-11,West,Apparel,Online,37.31124477592552,5,186.56,5.7,1,521,Low
ORD102621,2025-05-24,2025-05,East,Electronics,Online,237.24947717759107,5,1186.25,5.7,1,378,Medium
ORD102622,2025-02-07,2025-02,West,Beauty,Online,29.091353524869863,3,87.27,4.9,0,21,Low
ORD102623,2025-12-04,2025-12,South,Beauty,Online,40.56014218494777,2,81.12,6.8,1,81,Medium
ORD102624,2025-12-03,2025-12,West,Apparel,Online,60.91851829712644,4,243.67,4.0,0,72,Low
ORD102625,2025-07-31,2025-07,North,Beauty,Online,25.16847086254706,5,125.84,3.5,0,767,Medium
ORD102626,2025-12-24,2025-12,South,Apparel,Online,51.03412221405853,3,153.1,6.6,1,278,Low
ORD102627,2025-01-02,2025-01,South,Apparel,In-Store,51.6025377935858,1,51.6,5.5,1,383,Medium
ORD102628,2025-08-14,2025-08,East,Beauty,Online,32.81323666861837,1,32.81,3.7,0,626,Low
ORD102629,2025-01-15,2025-01,West,Apparel,Online,35.416385801847206,1,35.42,3.2,0,590,Medium
ORD102630,2025-12-08,2025-12,East,Apparel,In-Store,52.101482543487144,3,156.3,3.1,0,58,Medium
ORD102631,2025-09-06,2025-09,East,Home & Kitchen,Online,100.7487759557552,3,302.25,3.2,0,836,Low
ORD102632,2025-11-30,2025-11,South,Electronics,Online,207.16480921338203,3,621.49,7.3,1,239,Low
ORD102633,2025-07-25,2025-07,South,Apparel,In-Store,47.70837861124095,4,190.83,5.4,1,690,Low
ORD102634,2025-01-31,2025-01,South,Apparel,Online,35.16433031000225,1,35.16,4.3,0,749,Low
ORD102635,2025-01-10,2025-01,North,Home & Kitchen,Online,108.11856784327354,5,540.59,2.4,0,485,Medium
ORD102636,2025-05-03,2025-05,South,Electronics,In-Store,170.86882938853728,2,341.74,3.6,0,146,Low
ORD102637,2025-09-29,2025-09,West,Electronics,In-Store,186.09007442691004,3,558.27,3.1,0,490,Low
ORD102638,2025-02-25,2025-02,East,Sports,Online,54.53609598360146,2,109.07,3.8,0,220,Low
ORD102639,2025-11-08,2025-11,East,Electronics,Online,281.17169683403137,2,562.34,5.3,1,764,Low
ORD102640,2025-03-29,2025-03,South,Apparel,Online,53.570661495824176,5,267.85,4.0,0,679,Low
ORD102641,2025-07-01,2025-07,South,Sports,In-Store,42.2946063961303,1,42.29,7.2,1,741,Medium
ORD102642,2025-03-16,2025-03,North,Sports,Online,49.70958498069524,3,149.13,2.6,0,745,Low
ORD102643,2025-06-20,2025-06,South,Electronics,Online,269.5232815955529,3,808.57,3.5,0,161,High
ORD102644,2025-06-15,2025-06,South,Beauty,Online,29.48052431101706,3,88.44,7.2,1,28,Medium
ORD102645,2025-01-02,2025-01,North,Sports,In-Store,43.100968363624915,2,86.2,4.6,0,564,Low
ORD102646,2025-07-27,2025-07,North,Apparel,Online,61.86338166708078,2,123.73,3.5,0,552,High
ORD102647,2025-10-15,2025-10,East,Sports,Online,48.3517823435036,5,241.76,4.5,0,779,Medium
ORD102648,2025-12-08,2025-12,South,Sports,Online,63.43959888196675,2,126.88,5.7,1,574,Medium
ORD102649,2025-05-01,2025-05,South,Home & Kitchen,In-Store,69.90570146811123,3,209.72,4.7,0,723,Low
ORD102650,2025-11-18,2025-11,North,Home & Kitchen,Online,97.29828193262011,2,194.6,2.1,0,314,Medium
ORD102651,2025-11-17,2025-11,South,Sports,In-Store,74.62249615998608,4,298.49,1.5,0,113,Low
ORD102652,2025-12-27,2025-12,South,Beauty,Online,29.34162847402275,5,146.71,4.2,0,35,Low
ORD102653,2025-05-17,2025-05,South,Home & Kitchen,Online,92.87317880170578,5,464.37,7.4,1,392,Low
ORD102654,2025-11-07,2025-11,East,Sports,Online,80.18109055095239,1,80.18,6.2,1,2,Low
ORD102655,2025-07-26,2025-07,North,Sports,Online,76.22198297668946,1,76.22,3.4,0,466,Medium
ORD102656,2025-01-22,2025-01,West,Beauty,Online,29.712852070543207,2,59.43,3.4,0,361,Low
ORD102657,2025-04-09,2025-04,North,Beauty,In-Store,30.270997131829397,3,90.81,3.3,0,232,Low
ORD102658,2025-09-03,2025-09,South,Electronics,Online,290.5792542001612,1,290.58,5.7,1,532,Medium
ORD102659,2025-02-28,2025-02,North,Electronics,In-Store,159.2934112656568,5,796.47,3.7,0,611,Low
ORD102660,2025-06-08,2025-06,South,Home & Kitchen,Online,57.277448049574275,5,286.39,2.2,0,36,Low
ORD102661,2025-10-10,2025-10,North,Apparel,Online,37.98255325929819,3,113.95,7.5,1,429,Low
ORD102662,2025-02-24,2025-02,West,Home & Kitchen,Online,102.34681210237923,4,409.39,5.9,1,845,High
ORD102663,2025-07-01,2025-07,South,Sports,Online,48.43495387992243,3,145.3,5.0,0,268,Medium
ORD102664,2025-03-20,2025-03,East,Beauty,Online,26.990864983915404,4,107.96,3.1,0,703,Medium
ORD102665,2025-07-15,2025-07,North,Apparel,In-Store,51.315663739415534,5,256.58,4.2,0,303,Medium
ORD102666,2025-03-29,2025-03,North,Sports,In-Store,49.73819802257799,1,49.74,3.6,0,245,Medium
ORD102667,2025-12-19,2025-12,South,Electronics,In-Store,200.6799165515103,2,401.36,4.6,0,771,Medium
ORD102668,2025-01-28,2025-01,South,Home & Kitchen,In-Store,82.14711271889875,3,246.44,5.1,1,321,Medium
ORD102669,2025-12-18,2025-12,South,Electronics,Online,189.12882970026246,5,945.64,5.1,1,779,High
ORD102670,2025-10-17,2025-10,West,Home & Kitchen,Online,111.57516630276425,3,334.73,5.0,0,589,Medium
ORD102671,2025-11-09,2025-11,East,Home & Kitchen,Online,65.152976969991,2,130.31,4.9,0,731,Low
ORD102672,2025-11-07,2025-11,West,Sports,In-Store,77.69735840665062,1,77.7,4.2,0,733,Low
ORD102673,2025-03-10,2025-03,North,Home & Kitchen,Online,82.32559056392827,3,246.98,4.0,0,822,Low
ORD102674,2025-12-06,2025-12,East,Apparel,Online,35.56739591118593,2,71.13,5.7,1,499,Low
ORD102675,2025-08-05,2025-08,East,Electronics,In-Store,172.2468682030374,2,344.49,1.4,0,857,High
ORD102676,2025-12-18,2025-12,East,Electronics,Online,231.04559263183174,5,1155.23,3.0,0,54,Medium
ORD102677,2025-11-17,2025-11,West,Beauty,In-Store,28.42392360085341,3,85.27,3.8,0,443,Medium
ORD102678,2025-07-31,2025-07,East,Beauty,Online,25.926648281372866,1,25.93,3.1,0,357,Medium
ORD102679,2025-05-17,2025-05,West,Apparel,In-Store,61.70658282072109,1,61.71,3.3,0,87,High
ORD102680,2025-02-12,2025-02,East,Electronics,In-Store,225.36048005751138,2,450.72,4.8,0,786,Medium
ORD102681,2025-02-06,2025-02,North,Apparel,Online,60.75754591322831,1,60.76,3.5,0,720,Low
ORD102682,2025-05-23,2025-05,East,Home & Kitchen,Online,65.18398465962986,3,195.55,1.8,0,674,Low
ORD102683,2025-10-24,2025-10,South,Apparel,Online,37.27918111774538,3,111.84,4.7,0,570,Low
ORD102684,2025-07-04,2025-07,West,Electronics,Online,245.7882644051375,5,1228.94,4.6,0,542,Low
ORD102685,2025-06-25,2025-06,West,Apparel,Online,40.001082742429915,2,80.0,4.5,0,343,Low
ORD102686,2025-03-31,2025-03,North,Electronics,Online,182.48042976413407,2,364.96,4.4,0,615,Low
ORD102687,2025-07-26,2025-07,North,Apparel,Online,34.48258964051929,4,137.93,4.3,0,878,Low
ORD102688,2025-08-21,2025-08,North,Electronics,Online,165.7456832273032,4,662.98,3.5,0,226,Low
ORD102689,2025-12-25,2025-12,South,Home & Kitchen,Online,98.17742958315186,1,98.18,3.8,0,305,High
ORD102690,2025-09-24,2025-09,North,Home & Kitchen,In-Store,71.80113619670973,1,71.8,2.5,0,99,Low
ORD102691,2025-08-10,2025-08,East,Electronics,Online,304.67654960937574,1,304.68,3.3,0,816,Medium
ORD102692,2025-11-29,2025-11,East,Home & Kitchen,Online,66.25478313883099,4,265.02,3.7,0,477,Low
ORD102693,2025-06-05,2025-06,West,Apparel,Online,42.66506947575121,2,85.33,5.3,1,533,High
ORD102694,2025-12-08,2025-12,North,Sports,Online,57.746162018258005,5,288.73,4.2,0,240,Medium
ORD102695,2025-05-16,2025-05,South,Beauty,In-Store,31.503208647473425,3,94.51,5.5,1,33,High
ORD102696,2025-02-16,2025-02,North,Electronics,Online,288.0779238228358,5,1440.39,3.2,0,724,Low
ORD102697,2025-06-02,2025-06,West,Beauty,In-Store,38.530174409247934,2,77.06,5.6,1,774,Medium
ORD102698,2025-02-16,2025-02,North,Sports,In-Store,42.4181658962794,3,127.25,3.8,0,307,Low
ORD102699,2025-02-13,2025-02,North,Home & Kitchen,In-Store,78.91828374966269,1,78.92,3.1,0,686,Low
ORD102700,2025-11-18,2025-11,North,Apparel,In-Store,57.58000702777833,5,287.9,3.7,0,515,Medium
ORD102701,2025-10-18,2025-10,West,Apparel,In-Store,31.50623094654137,3,94.52,3.0,0,578,Low
ORD102702,2025-03-22,2025-03,North,Electronics,Online,236.18049412160957,1,236.18,1.2,0,156,Low
ORD102703,2025-11-02,2025-11,East,Beauty,Online,26.448988047997236,4,105.8,3.3,0,553,High
ORD102704,2025-01-26,2025-01,East,Home & Kitchen,In-Store,79.11503875755763,5,395.58,4.2,0,145,Low
ORD102705,2025-04-14,2025-04,East,Apparel,Online,44.73959804618245,4,178.96,4.1,0,197,Medium
ORD102706,2025-09-15,2025-09,North,Home & Kitchen,Online,77.9382486801808,5,389.69,3.5,0,321,Low
ORD102707,2025-04-21,2025-04,North,Electronics,Online,291.36031882053453,2,582.72,2.7,0,193,Low
ORD102708,2025-09-24,2025-09,South,Electronics,Online,236.6153957813083,3,709.85,2.9,0,818,Low
ORD102709,2025-11-16,2025-11,North,Home & Kitchen,Online,106.60981653436714,5,533.05,5.4,1,27,Low
ORD102710,2025-01-25,2025-01,East,Home & Kitchen,Online,96.69757480999564,4,386.79,3.8,0,813,Medium
ORD102711,2025-01-09,2025-01,South,Sports,Online,56.74704298090824,4,226.99,4.7,0,139,High
ORD102712,2025-12-10,2025-12,South,Home & Kitchen,Online,83.63956616674146,4,334.56,4.4,0,783,Low
ORD102713,2025-07-09,2025-07,North,Home & Kitchen,Online,77.83207813949633,4,311.33,5.2,1,303,Low
ORD102714,2025-07-04,2025-07,East,Sports,In-Store,76.8001196844135,1,76.8,4.4,0,829,Medium
ORD102715,2025-06-19,2025-06,North,Electronics,Online,182.89006304352841,2,365.78,2.5,0,487,Low
ORD102716,2025-06-08,2025-06,East,Home & Kitchen,In-Store,108.43908780664688,4,433.76,4.7,0,441,Low
ORD102717,2025-09-09,2025-09,North,Sports,Online,66.37782875858048,2,132.76,3.5,0,118,Low
ORD102718,2025-07-31,2025-07,West,Electronics,Online,248.21072491108492,4,992.84,3.8,0,390,Medium
ORD102719,2025-03-01,2025-03,East,Electronics,In-Store,233.58741563880358,3,700.76,2.9,0,502,Low
ORD102720,2025-08-17,2025-08,North,Electronics,In-Store,239.39245746491727,4,957.57,2.1,0,885,Low
ORD102721,2025-09-01,2025-09,North,Electronics,In-Store,256.82201412911536,2,513.64,1.4,0,237,High
ORD102722,2025-02-11,2025-02,South,Home & Kitchen,In-Store,92.68197428564815,2,185.36,5.4,1,75,High
ORD102723,2025-05-18,2025-05,North,Electronics,In-Store,186.97865168597448,4,747.91,2.7,0,229,Medium
ORD102724,2025-10-16,2025-10,North,Home & Kitchen,In-Store,88.61664900889213,1,88.62,3.7,0,219,Medium
ORD102725,2025-08-14,2025-08,West,Electronics,In-Store,208.61247186602014,2,417.22,4.1,0,853,High
ORD102726,2025-02-19,2025-02,East,Electronics,In-Store,252.10266709364333,5,1260.51,4.0,0,136,Medium
ORD102727,2025-01-15,2025-01,North,Apparel,Online,48.756789278439435,1,48.76,1.2,0,893,Medium
ORD102728,2025-08-01,2025-08,East,Electronics,Online,181.67070979172385,3,545.01,3.0,0,102,Low
ORD102729,2025-06-18,2025-06,North,Beauty,Online,36.42941226831975,1,36.43,4.4,0,730,Low
ORD102730,2025-12-17,2025-12,West,Apparel,Online,45.895923595603946,4,183.58,3.0,0,373,Medium
ORD102731,2025-07-10,2025-07,North,Electronics,In-Store,238.92199905206508,1,238.92,3.4,0,49,Medium
ORD102732,2025-12-06,2025-12,East,Electronics,Online,257.58700119842115,3,772.76,2.3,0,552,Low
ORD102733,2025-03-20,2025-03,East,Apparel,Online,52.065460878389814,3,156.2,4.0,0,656,Medium
ORD102734,2025-06-13,2025-06,North,Home & Kitchen,In-Store,97.94001392504249,4,391.76,4.9,0,754,Medium
ORD102735,2025-02-20,2025-02,North,Sports,Online,50.68357260301093,1,50.68,4.6,0,161,Low
ORD102736,2025-07-29,2025-07,South,Apparel,In-Store,34.97732386272674,3,104.93,2.3,0,556,Medium
ORD102737,2025-03-10,2025-03,West,Home & Kitchen,Online,93.47405618176327,3,280.42,5.5,1,512,Low
ORD102738,2025-06-29,2025-06,South,Apparel,Online,38.93352581996899,2,77.87,7.4,1,398,Medium
ORD102739,2025-05-06,2025-05,East,Sports,Online,46.81340447909272,2,93.63,7.4,1,804,High
ORD102740,2025-03-09,2025-03,East,Home & Kitchen,Online,63.34929959732684,4,253.4,4.6,0,381,High
ORD102741,2025-02-05,2025-02,West,Apparel,Online,41.35320390283469,3,124.06,2.9,0,342,High
ORD102742,2025-07-06,2025-07,South,Sports,Online,83.6550560180683,3,250.97,5.7,1,473,Medium
ORD102743,2025-12-12,2025-12,South,Sports,Online,48.60493372085757,5,243.02,7.1,1,836,Low
ORD102744,2025-03-14,2025-03,East,Apparel,Online,40.90390171240173,3,122.71,3.8,0,780,Medium
ORD102745,2025-05-28,2025-05,North,Beauty,In-Store,40.335417189525,5,201.68,4.3,0,637,Low
ORD102746,2025-03-23,2025-03,West,Beauty,Online,41.229469325956856,5,206.15,3.5,0,73,Medium
ORD102747,2025-10-23,2025-10,North,Electronics,Online,189.24187761733378,3,567.73,4.1,0,271,Low
ORD102748,2025-06-01,2025-06,North,Sports,Online,78.97901327612762,2,157.96,1.0,0,14,Low
ORD102749,2025-12-22,2025-12,West,Home & Kitchen,In-Store,63.779404893288756,3,191.34,2.7,0,86,Low
ORD102750,2025-03-31,2025-03,South,Home & Kitchen,In-Store,98.64603903282887,1,98.65,4.5,0,748,Low
ORD102751,2025-01-30,2025-01,North,Home & Kitchen,In-Store,56.7284569962528,4,226.91,2.6,0,734,Low
ORD102752,2025-08-01,2025-08,North,Beauty,In-Store,29.53901221406016,2,59.08,1.4,0,93,Low
ORD102753,2025-08-26,2025-08,South,Home & Kitchen,Online,69.85077157617374,5,349.25,4.6,0,412,Low
ORD102754,2025-12-28,2025-12,West,Home & Kitchen,In-Store,95.42444879291085,4,381.7,4.2,0,252,Low
ORD102755,2025-11-15,2025-11,North,Electronics,Online,156.47264422869844,3,469.42,3.6,0,66,High
ORD102756,2025-11-19,2025-11,North,Apparel,In-Store,46.14440374062328,1,46.14,3.1,0,343,Low
ORD102757,2025-08-20,2025-08,South,Beauty,Online,35.63130951964364,1,35.63,6.1,1,93,Medium
ORD102758,2025-05-12,2025-05,West,Sports,Online,43.961604676507676,4,175.85,4.1,0,662,Low
ORD102759,2025-06-06,2025-06,North,Electronics,In-Store,292.1996280480157,4,1168.8,4.6,0,870,High
ORD102760,2025-02-18,2025-02,West,Beauty,In-Store,28.585145555325425,2,57.17,2.6,0,380,Medium
ORD102761,2025-06-07,2025-06,West,Sports,In-Store,48.941164954174184,1,48.94,6.1,1,219,High
ORD102762,2025-05-14,2025-05,North,Home & Kitchen,Online,68.6260117777058,2,137.25,5.0,0,450,High
ORD102763,2025-01-14,2025-01,West,Electronics,Online,206.19151303219132,4,824.77,4.1,0,869,Medium
ORD102764,2025-03-16,2025-03,East,Home & Kitchen,Online,67.10900570204835,3,201.33,3.7,0,144,Low
ORD102765,2025-07-15,2025-07,South,Electronics,Online,232.62912810294125,1,232.63,5.4,1,613,Low
ORD102766,2025-05-15,2025-05,South,Apparel,Online,51.43734969972971,1,51.44,5.9,1,84,Low
ORD102767,2025-12-29,2025-12,West,Home & Kitchen,Online,80.27208609746617,1,80.27,5.8,1,271,High
ORD102768,2025-06-24,2025-06,East,Beauty,In-Store,29.967675147797564,4,119.87,1.7,0,395,High
ORD102769,2025-12-16,2025-12,East,Apparel,Online,56.12353486011413,4,224.49,4.5,0,345,Low
ORD102770,2025-08-30,2025-08,West,Beauty,In-Store,27.321350972115585,3,81.96,1.3,0,161,Medium
ORD102771,2025-01-15,2025-01,South,Beauty,In-Store,34.078145512052075,4,136.31,4.3,0,699,Low
ORD102772,2025-03-16,2025-03,West,Electronics,Online,291.50992409669476,1,291.51,6.2,1,606,Medium
ORD102773,2025-09-15,2025-09,West,Electronics,Online,188.11321222478588,3,564.34,2.8,0,392,Medium
ORD102774,2025-07-18,2025-07,North,Sports,Online,68.0358306610272,2,136.07,1.8,0,377,Low
ORD102775,2025-04-21,2025-04,North,Sports,Online,81.81481476230093,5,409.07,4.0,0,68,High
ORD102776,2025-07-10,2025-07,South,Apparel,In-Store,48.18855053109681,3,144.57,6.2,1,594,Low
ORD102777,2025-11-26,2025-11,West,Home & Kitchen,Online,110.70627252703929,5,553.53,4.9,0,207,Medium
ORD102778,2025-05-22,2025-05,North,Home & Kitchen,Online,73.3625784743486,3,220.09,1.4,0,271,Medium
ORD102779,2025-01-17,2025-01,East,Sports,In-Store,65.7003434919803,3,197.1,1.3,0,774,Low
ORD102780,2025-04-24,2025-04,North,Sports,In-Store,55.063501550440016,5,275.32,3.1,0,578,Low
ORD102781,2025-12-08,2025-12,South,Electronics,In-Store,154.57279146037968,5,772.86,3.1,0,626,Low
ORD102782,2025-10-06,2025-10,East,Electronics,Online,307.5854474686314,3,922.76,4.2,0,238,Medium
ORD102783,2025-11-02,2025-11,North,Electronics,In-Store,190.96925047774056,2,381.94,3.2,0,451,High
ORD102784,2025-11-29,2025-11,West,Beauty,Online,41.43514168997136,4,165.74,3.9,0,13,Low
ORD102785,2025-02-12,2025-02,North,Beauty,Online,34.713689359589665,1,34.71,5.9,1,221,Low
ORD102786,2025-04-14,2025-04,West,Sports,In-Store,79.96521157584004,2,159.93,4.5,0,720,Low
ORD102787,2025-01-22,2025-01,North,Electronics,In-Store,302.9492230462595,5,1514.75,4.5,0,427,Low
ORD102788,2025-01-02,2025-01,West,Home & Kitchen,Online,87.79843555515103,5,438.99,5.6,1,571,Low
ORD102789,2025-11-01,2025-11,East,Electronics,Online,307.9524670223937,3,923.86,3.8,0,710,Medium
ORD102790,2025-12-08,2025-12,North,Apparel,Online,55.670892142174154,2,111.34,3.5,0,843,Low
ORD102791,2025-02-26,2025-02,North,Electronics,In-Store,234.66744163841028,5,1173.34,2.6,0,74,Medium
ORD102792,2025-09-21,2025-09,North,Sports,In-Store,69.5076179360172,2,139.02,3.8,0,523,Low
ORD102793,2025-07-15,2025-07,East,Electronics,Online,183.91778902829628,1,183.92,3.2,0,895,Medium
ORD102794,2025-01-26,2025-01,West,Home & Kitchen,Online,56.617826800659586,1,56.62,6.6,1,180,Low
ORD102795,2025-12-01,2025-12,South,Beauty,In-Store,26.392576299749983,1,26.39,3.6,0,773,Low
ORD102796,2025-11-15,2025-11,South,Home & Kitchen,In-Store,80.35836825631478,5,401.79,4.8,0,522,Low
ORD102797,2025-07-27,2025-07,East,Electronics,Online,189.1200983767101,1,189.12,3.7,0,286,Medium
ORD102798,2025-09-16,2025-09,South,Beauty,Online,31.794753857710152,2,63.59,4.7,0,705,High
ORD102799,2025-05-25,2025-05,East,Home & Kitchen,In-Store,92.84487196458132,4,371.38,5.9,1,783,Low
ORD102800,2025-10-17,2025-10,South,Apparel,Online,52.15750624665118,4,208.63,4.7,0,129,Low
ORD102801,2025-06-12,2025-06,East,Home & Kitchen,Online,106.0508081098552,5,530.25,3.6,0,613,Medium
ORD102802,2025-12-28,2025-12,West,Beauty,Online,41.292701026147405,5,206.46,3.7,0,842,Low
ORD102803,2025-01-24,2025-01,South,Apparel,Online,59.55689292083649,3,178.67,5.2,1,600,Medium
ORD102804,2025-03-04,2025-03,North,Home & Kitchen,In-Store,90.72979772342785,2,181.46,2.9,0,492,Low
ORD102805,2025-12-20,2025-12,North,Apparel,Online,37.98157086962057,1,37.98,2.4,0,126,High
ORD102806,2025-04-16,2025-04,East,Electronics,Online,299.2914785121687,5,1496.46,3.5,0,405,Medium
ORD102807,2025-04-24,2025-04,South,Sports,Online,49.344136580226866,2,98.69,5.9,1,815,Low
ORD102808,2025-10-16,2025-10,West,Electronics,In-Store,177.31981690661163,5,886.6,5.0,0,719,Medium
ORD102809,2025-03-11,2025-03,East,Apparel,Online,41.5034338290212,2,83.01,4.0,0,405,Low
ORD102810,2025-07-07,2025-07,South,Apparel,Online,49.568575182156074,4,198.27,5.3,1,278,Medium
ORD102811,2025-04-15,2025-04,East,Apparel,Online,52.96638790755283,4,211.87,3.6,0,723,Medium
ORD102812,2025-03-14,2025-03,North,Apparel,Online,31.918719336387536,4,127.67,3.1,0,870,Medium
ORD102813,2025-12-18,2025-12,West,Home & Kitchen,In-Store,99.569247216306,4,398.28,2.7,0,270,Low
ORD102814,2025-03-14,2025-03,North,Apparel,In-Store,37.01311579624812,2,74.03,1.1,0,729,Low
ORD102815,2025-02-04,2025-02,East,Electronics,In-Store,199.65866713300522,1,199.66,2.5,0,277,Low
ORD102816,2025-09-03,2025-09,West,Beauty,Online,27.76382124170868,1,27.76,5.6,1,744,Medium
ORD102817,2025-11-13,2025-11,East,Beauty,Online,27.98136597687359,3,83.94,3.5,0,868,Medium
ORD102818,2025-02-16,2025-02,West,Apparel,In-Store,55.45157946959834,5,277.26,3.4,0,597,Low
ORD102819,2025-09-16,2025-09,South,Apparel,Online,32.78974740936866,4,131.16,4.8,0,447,Medium
ORD102820,2025-07-17,2025-07,West,Electronics,In-Store,184.26374403241718,4,737.05,5.3,1,283,Medium
ORD102821,2025-10-30,2025-10,East,Electronics,Online,157.437161597477,2,314.87,2.9,0,54,Medium
ORD102822,2025-02-16,2025-02,East,Apparel,Online,56.01643288642064,3,168.05,4.3,0,48,Low
ORD102823,2025-12-23,2025-12,North,Beauty,Online,41.6581691056676,3,124.97,3.6,0,752,Low
ORD102824,2025-08-14,2025-08,North,Sports,Online,69.70098068919569,1,69.7,3.8,0,595,Low
ORD102825,2025-11-04,2025-11,East,Apparel,Online,50.08938419894255,4,200.36,4.3,0,205,Medium
ORD102826,2025-05-13,2025-05,North,Beauty,Online,40.06939048115856,2,80.14,3.8,0,497,Medium
ORD102827,2025-12-11,2025-12,East,Apparel,Online,39.53105057044971,3,118.59,5.0,0,790,High
ORD102828,2025-08-17,2025-08,West,Electronics,Online,164.2351949912528,3,492.71,4.5,0,583,Low
ORD102829,2025-02-16,2025-02,West,Apparel,In-Store,47.5640520066248,1,47.56,5.9,1,824,Medium
ORD102830,2025-12-03,2025-12,North,Electronics,Online,194.0937002887696,5,970.47,3.8,0,106,High
ORD102831,2025-10-18,2025-10,West,Beauty,In-Store,30.47271390829894,2,60.95,1.8,0,66,Low
ORD102832,2025-04-20,2025-04,North,Apparel,Online,45.873445293326995,4,183.49,4.5,0,600,Low
ORD102833,2025-07-19,2025-07,South,Home & Kitchen,Online,73.85458214781188,4,295.42,5.7,1,524,Low
ORD102834,2025-05-22,2025-05,West,Apparel,Online,46.81922431986618,1,46.82,4.5,0,619,Medium
ORD102835,2025-07-18,2025-07,North,Beauty,In-Store,28.983189491547932,2,57.97,2.7,0,883,Low
ORD102836,2025-12-19,2025-12,North,Home & Kitchen,Online,62.3313228597851,3,186.99,1.2,0,98,Low
ORD102837,2025-11-25,2025-11,North,Apparel,In-Store,58.80185978328207,5,294.01,1.0,0,837,Low
ORD102838,2025-03-20,2025-03,South,Electronics,Online,261.9961520222548,4,1047.98,7.2,1,55,Medium
ORD102839,2025-12-21,2025-12,West,Beauty,In-Store,21.86748616499665,3,65.6,3.1,0,473,High
ORD102840,2025-06-09,2025-06,North,Home & Kitchen,In-Store,62.48403981519316,5,312.42,4.2,0,748,Medium
ORD102841,2025-09-15,2025-09,North,Apparel,In-Store,34.54020582742876,3,103.62,1.1,0,612,High
ORD102842,2025-10-06,2025-10,East,Beauty,Online,22.29661448718538,5,111.48,2.7,0,201,Medium
ORD102843,2025-06-26,2025-06,North,Electronics,In-Store,163.09474347944433,4,652.38,3.8,0,544,Medium
ORD102844,2025-06-16,2025-06,East,Apparel,Online,36.449038487490306,1,36.45,3.9,0,811,Low
ORD102845,2025-06-16,2025-06,West,Home & Kitchen,In-Store,103.48068687767596,2,206.96,4.4,0,183,High
ORD102846,2025-11-11,2025-11,East,Apparel,Online,57.58934883024253,1,57.59,4.0,0,843,High
ORD102847,2025-05-22,2025-05,West,Apparel,Online,56.169113971269134,2,112.34,4.3,0,588,Medium
ORD102848,2025-04-13,2025-04,South,Electronics,Online,248.6648020069402,1,248.66,4.4,0,78,Low
ORD102849,2025-05-12,2025-05,West,Electronics,In-Store,265.4180071948997,1,265.42,2.4,0,300,Low
ORD102850,2025-03-13,2025-03,North,Electronics,Online,267.72610646940717,1,267.73,5.4,1,776,Low
ORD102851,2025-05-23,2025-05,North,Electronics,Online,290.95418202738074,4,1163.82,5.6,1,304,Low
ORD102852,2025-02-11,2025-02,East,Beauty,Online,36.37920362235107,3,109.14,2.8,0,852,Low
ORD102853,2025-02-02,2025-02,North,Home & Kitchen,In-Store,97.24172124917405,3,291.73,1.7,0,378,Low
ORD102854,2025-09-22,2025-09,West,Apparel,Online,56.828556940474726,4,227.31,4.1,0,309,Low
ORD102855,2025-01-29,2025-01,East,Apparel,In-Store,49.0251779617204,5,245.13,3.7,0,767,High
ORD102856,2025-07-27,2025-07,West,Sports,Online,50.94720918178959,3,152.84,4.3,0,707,Medium
ORD102857,2025-10-12,2025-10,South,Electronics,In-Store,167.01954154563495,3,501.06,5.1,1,215,Medium
ORD102858,2025-09-22,2025-09,South,Electronics,In-Store,218.53270829881242,4,874.13,4.4,0,703,Low
ORD102859,2025-06-12,2025-06,East,Home & Kitchen,In-Store,61.1343976144195,3,183.4,3.2,0,226,Low
ORD102860,2025-03-12,2025-03,North,Apparel,In-Store,36.83307699396143,3,110.5,5.9,1,806,Low
ORD102861,2025-12-06,2025-12,South,Sports,Online,43.00128049402227,2,86.0,4.6,0,7,High
ORD102862,2025-11-01,2025-11,East,Beauty,Online,27.304332111766705,1,27.3,6.0,1,596,Low
ORD102863,2025-08-12,2025-08,West,Sports,In-Store,82.73990854088476,1,82.74,5.5,1,140,Medium
ORD102864,2025-02-01,2025-02,East,Electronics,Online,212.35541599031922,4,849.42,4.6,0,609,Low
ORD102865,2025-01-13,2025-01,North,Electronics,Online,191.0974613318665,5,955.49,1.4,0,880,Low
ORD102866,2025-04-26,2025-04,South,Electronics,In-Store,216.13121947928764,3,648.39,4.5,0,601,Low
ORD102867,2025-02-27,2025-02,East,Sports,Online,54.65621784868044,1,54.66,3.4,0,391,Low
ORD102868,2025-11-11,2025-11,North,Beauty,Online,35.15141328149557,4,140.61,3.7,0,741,Low
ORD102869,2025-03-17,2025-03,South,Beauty,In-Store,34.32380198434069,5,171.62,3.2,0,176,High
ORD102870,2025-04-14,2025-04,North,Apparel,Online,32.36130159477063,3,97.08,4.6,0,489,Low
ORD102871,2025-12-23,2025-12,North,Sports,Online,63.475572543884965,1,63.48,4.9,0,869,Low
ORD102872,2025-10-26,2025-10,South,Home & Kitchen,Online,58.02718250982448,1,58.03,6.6,1,320,Low
ORD102873,2025-03-21,2025-03,North,Sports,Online,70.44925718939953,3,211.35,3.2,0,25,High
ORD102874,2025-05-20,2025-05,East,Home & Kitchen,In-Store,108.40526651512647,5,542.03,2.0,0,397,Medium
ORD102875,2025-07-08,2025-07,North,Electronics,In-Store,293.7531333240225,1,293.75,3.4,0,436,Medium
ORD102876,2025-08-31,2025-08,East,Electronics,Online,185.67966526200266,4,742.72,6.1,1,730,Low
ORD102877,2025-12-08,2025-12,North,Beauty,Online,36.59554810214925,4,146.38,3.8,0,724,High
ORD102878,2025-11-14,2025-11,West,Apparel,Online,56.481578087777805,1,56.48,5.0,0,306,Low
ORD102879,2025-12-23,2025-12,North,Apparel,Online,58.72757729294561,2,117.46,3.4,0,695,Medium
ORD102880,2025-01-15,2025-01,South,Apparel,In-Store,39.67735813021641,1,39.68,3.9,0,129,Medium
ORD102881,2025-03-28,2025-03,South,Apparel,Online,45.701297648123045,3,137.1,6.0,1,171,Low
ORD102882,2025-07-25,2025-07,North,Beauty,Online,25.651593009768398,1,25.65,3.6,0,544,Low
ORD102883,2025-01-18,2025-01,South,Electronics,In-Store,157.74365641052347,5,788.72,5.0,0,637,Low
ORD102884,2025-05-10,2025-05,West,Electronics,In-Store,255.4879446912034,1,255.49,4.4,0,726,Low
ORD102885,2025-02-26,2025-02,West,Sports,Online,60.121471951512106,4,240.49,4.9,0,560,Low
ORD102886,2025-12-07,2025-12,South,Home & Kitchen,In-Store,69.89454531155977,4,279.58,5.2,1,115,Low
ORD102887,2025-01-24,2025-01,North,Electronics,Online,284.45400788414025,1,284.45,2.7,0,608,Low
ORD102888,2025-02-24,2025-02,East,Electronics,Online,230.33481855679725,2,460.67,2.9,0,386,Medium
ORD102889,2025-03-13,2025-03,East,Electronics,Online,307.1772822907389,4,1228.71,3.9,0,240,Low
ORD102890,2025-02-24,2025-02,North,Electronics,In-Store,276.17710534860095,1,276.18,3.0,0,305,Medium
ORD102891,2025-07-27,2025-07,East,Electronics,In-Store,287.85852475933166,3,863.58,2.7,0,729,Low
ORD102892,2025-05-13,2025-05,South,Electronics,Online,273.0931663148414,2,546.19,5.5,1,160,Low
ORD102893,2025-11-30,2025-11,East,Sports,Online,46.44884575592611,1,46.45,5.1,1,503,Low
ORD102894,2025-04-06,2025-04,South,Beauty,In-Store,22.365609013727084,3,67.1,5.9,1,75,High
ORD102895,2025-07-16,2025-07,South,Beauty,Online,40.216654224903735,3,120.65,6.9,1,652,Low
ORD102896,2025-08-29,2025-08,North,Apparel,Online,35.85321142325376,2,71.71,2.1,0,135,Medium
ORD102897,2025-08-17,2025-08,East,Apparel,Online,43.82362374623919,5,219.12,2.6,0,845,Medium
ORD102898,2025-10-18,2025-10,North,Beauty,In-Store,33.80813124267455,1,33.81,2.7,0,793,Medium
ORD102899,2025-03-15,2025-03,East,Sports,In-Store,50.89973069588381,3,152.7,3.4,0,770,Low
ORD102900,2025-07-05,2025-07,East,Home & Kitchen,In-Store,68.6159624476355,1,68.62,3.0,0,314,Low
ORD102901,2025-10-20,2025-10,East,Electronics,Online,225.80116671287198,4,903.2,3.3,0,704,Medium
ORD102902,2025-11-12,2025-11,North,Apparel,Online,42.8681953809877,3,128.6,3.3,0,121,Medium
ORD102903,2025-08-14,2025-08,North,Home & Kitchen,Online,93.88823735310905,4,375.55,4.3,0,261,Medium
ORD102904,2025-08-26,2025-08,South,Home & Kitchen,Online,60.20426694915514,1,60.2,3.6,0,120,Medium
ORD102905,2025-11-12,2025-11,East,Electronics,Online,229.26883509958418,3,687.81,6.8,1,49,Low
ORD102906,2025-08-17,2025-08,West,Beauty,In-Store,24.659458272025855,1,24.66,3.8,0,330,Medium
ORD102907,2025-12-13,2025-12,South,Home & Kitchen,In-Store,89.9766005040419,2,179.95,5.8,1,517,Medium
ORD102908,2025-02-16,2025-02,West,Home & Kitchen,In-Store,62.50794433857921,5,312.54,3.1,0,776,High
ORD102909,2025-05-07,2025-05,North,Electronics,Online,184.4353074455297,4,737.74,4.4,0,32,Medium
ORD102910,2025-02-10,2025-02,South,Sports,Online,75.76333727941916,1,75.76,5.3,1,366,Low
ORD102911,2025-02-03,2025-02,North,Sports,Online,51.87701358159658,2,103.75,4.7,0,643,Medium
ORD102912,2025-06-22,2025-06,East,Electronics,Online,267.5080621742491,5,1337.54,3.8,0,182,Medium
ORD102913,2025-03-24,2025-03,North,Home & Kitchen,Online,71.2915111825387,1,71.29,5.6,1,663,Low
ORD102914,2025-05-29,2025-05,North,Home & Kitchen,Online,69.16154029309453,4,276.65,1.9,0,513,Low
ORD102915,2025-06-09,2025-06,East,Sports,In-Store,54.564500881013224,2,109.13,4.4,0,507,Low
ORD102916,2025-08-15,2025-08,South,Electronics,Online,289.66352560110323,3,868.99,5.3,1,113,Low
ORD102917,2025-12-12,2025-12,North,Beauty,Online,29.34047884607129,5,146.7,2.5,0,152,Medium
ORD102918,2025-11-07,2025-11,North,Apparel,Online,39.17845669134517,4,156.71,6.0,1,789,Low
ORD102919,2025-05-19,2025-05,South,Electronics,In-Store,236.6424789493246,2,473.28,6.7,1,788,Medium
ORD102920,2025-04-29,2025-04,South,Electronics,Online,213.38877741491086,1,213.39,2.7,0,407,Low
ORD102921,2025-10-09,2025-10,North,Electronics,Online,275.6904180448361,2,551.38,3.9,0,536,Medium
ORD102922,2025-02-15,2025-02,East,Apparel,Online,62.69903697686036,3,188.1,4.8,0,488,Medium
ORD102923,2025-07-17,2025-07,North,Apparel,Online,48.08709494397376,1,48.09,4.2,0,463,Medium
ORD102924,2025-06-04,2025-06,East,Sports,Online,60.973453701419665,5,304.87,5.8,1,641,Low
ORD102925,2025-03-08,2025-03,South,Electronics,Online,206.82745134033837,1,206.83,6.8,1,511,High
ORD102926,2025-08-14,2025-08,North,Beauty,Online,41.440113377672894,3,124.32,4.0,0,113,Low
ORD102927,2025-04-28,2025-04,North,Electronics,In-Store,228.42562450472101,5,1142.13,5.7,1,75,Medium
ORD102928,2025-03-09,2025-03,North,Home & Kitchen,Online,65.96782415641877,2,131.94,4.8,0,765,Low
ORD102929,2025-08-27,2025-08,North,Beauty,Online,41.35353401307819,3,124.06,3.3,0,666,Low
ORD102930,2025-03-05,2025-03,South,Sports,Online,82.35704929197298,1,82.36,4.5,0,179,Medium
ORD102931,2025-09-03,2025-09,West,Home & Kitchen,In-Store,80.40060293076428,4,321.6,5.3,1,55,Low
ORD102932,2025-03-01,2025-03,West,Sports,Online,56.6238125473842,5,283.12,3.5,0,198,Low
ORD102933,2025-06-08,2025-06,South,Electronics,Online,258.7873667900498,4,1035.15,4.7,0,520,Low
ORD102934,2025-10-22,2025-10,East,Electronics,Online,281.6543161409839,1,281.65,3.7,0,525,Low
ORD102935,2025-03-25,2025-03,East,Apparel,In-Store,47.203762166931114,2,94.41,3.7,0,153,High
ORD102936,2025-10-08,2025-10,West,Electronics,Online,204.9452006221671,4,819.78,4.3,0,159,Medium
ORD102937,2025-09-21,2025-09,North,Apparel,In-Store,40.99391134218492,4,163.98,1.4,0,187,Low
ORD102938,2025-11-26,2025-11,North,Electronics,In-Store,204.29620399102038,3,612.89,4.4,0,399,Medium
ORD102939,2025-03-03,2025-03,South,Beauty,Online,23.47869174257061,5,117.39,4.7,0,210,Medium
ORD102940,2025-09-19,2025-09,North,Beauty,Online,37.35102916345938,2,74.7,6.1,1,411,Medium
ORD102941,2025-12-08,2025-12,South,Sports,Online,46.408314267803725,4,185.63,5.6,1,13,Medium
ORD102942,2025-10-06,2025-10,West,Sports,In-Store,58.729208787221815,3,176.19,5.3,1,842,Low
ORD102943,2025-03-10,2025-03,West,Electronics,Online,282.5812739196932,4,1130.33,5.3,1,802,Low
ORD102944,2025-10-28,2025-10,North,Electronics,Online,216.23230793655256,3,648.7,5.3,1,305,Medium
ORD102945,2025-02-09,2025-02,South,Home & Kitchen,Online,72.50666068385333,3,217.52,5.9,1,724,Medium
ORD102946,2025-08-03,2025-08,South,Home & Kitchen,In-Store,109.10220853298296,5,545.51,4.8,0,482,Medium
ORD102947,2025-07-01,2025-07,South,Apparel,Online,35.48612823628984,5,177.43,6.5,1,29,Low
ORD102948,2025-07-13,2025-07,East,Apparel,Online,59.37289793771094,5,296.86,7.0,1,256,Medium
ORD102949,2025-07-09,2025-07,North,Apparel,Online,33.455419160209345,1,33.46,3.4,0,52,Low
ORD102950,2025-01-12,2025-01,West,Electronics,Online,217.68352957929577,3,653.05,5.5,1,637,Medium
ORD102951,2025-07-05,2025-07,West,Apparel,In-Store,51.399213248182804,4,205.6,3.8,0,704,Low
ORD102952,2025-12-08,2025-12,East,Apparel,In-Store,43.156209100462945,5,215.78,3.9,0,555,Medium
ORD102953,2025-06-09,2025-06,East,Home & Kitchen,Online,85.93795957384167,2,171.88,4.1,0,7,High
ORD102954,2025-04-12,2025-04,South,Beauty,Online,25.284034998330828,4,101.14,2.6,0,213,Low
ORD102955,2025-12-30,2025-12,South,Home & Kitchen,In-Store,87.86593297814285,3,263.6,4.3,0,422,Medium
ORD102956,2025-02-06,2025-02,North,Sports,Online,47.651466109767995,2,95.3,4.9,0,131,Medium
ORD102957,2025-06-27,2025-06,East,Sports,Online,75.4360452757622,5,377.18,3.1,0,97,Low
ORD102958,2025-07-07,2025-07,North,Electronics,Online,243.903646670088,3,731.71,4.8,0,274,Low
ORD102959,2025-06-24,2025-06,West,Home & Kitchen,In-Store,82.98819842985573,4,331.95,4.0,0,532,Medium
ORD102960,2025-12-03,2025-12,South,Apparel,In-Store,33.22200406874206,2,66.44,4.3,0,80,Low
ORD102961,2025-06-03,2025-06,South,Home & Kitchen,In-Store,83.98736281133644,1,83.99,5.6,1,898,Low
ORD102962,2025-12-22,2025-12,South,Electronics,Online,240.78969227563098,3,722.37,6.0,1,413,High
ORD102963,2025-01-25,2025-01,West,Beauty,In-Store,26.579017781550455,4,106.32,4.3,0,155,Medium
ORD102964,2025-09-25,2025-09,North,Beauty,Online,35.22939715907266,2,70.46,4.9,0,19,Medium
ORD102965,2025-08-05,2025-08,North,Electronics,In-Store,165.82183290188217,5,829.11,3.2,0,861,Medium
ORD102966,2025-03-29,2025-03,North,Electronics,Online,186.13811854306834,4,744.55,1.7,0,535,Low
ORD102967,2025-03-25,2025-03,East,Electronics,Online,267.5824716679322,4,1070.33,3.5,0,779,Medium
ORD102968,2025-09-20,2025-09,West,Sports,Online,48.18333319489301,5,240.92,2.3,0,699,Low
ORD102969,2025-08-21,2025-08,North,Home & Kitchen,Online,69.75073389886649,5,348.75,4.5,0,887,Low
ORD102970,2025-08-12,2025-08,West,Electronics,Online,254.23172357727515,4,1016.93,5.6,1,800,Medium
ORD102971,2025-01-19,2025-01,North,Sports,Online,72.61135156006671,5,363.06,4.8,0,689,High
ORD102972,2025-08-07,2025-08,East,Apparel,In-Store,33.12191152063811,4,132.49,3.9,0,766,Low
ORD102973,2025-12-25,2025-12,North,Apparel,In-Store,35.487566517444776,5,177.44,4.2,0,771,High
ORD102974,2025-01-07,2025-01,South,Apparel,Online,45.55271718406278,1,45.55,3.3,0,230,Medium
ORD102975,2025-06-21,2025-06,East,Home & Kitchen,Online,89.19651691060298,2,178.39,3.9,0,535,Low
ORD102976,2025-06-30,2025-06,South,Apparel,Online,45.794108881886736,5,228.97,3.5,0,887,Low
ORD102977,2025-11-24,2025-11,North,Electronics,Online,253.64877889301067,3,760.95,3.3,0,780,Low
ORD102978,2025-04-14,2025-04,West,Apparel,Online,55.313776555441706,1,55.31,6.4,1,95,Medium
ORD102979,2025-06-23,2025-06,West,Beauty,In-Store,40.940420797665944,5,204.7,5.1,1,101,Low
ORD102980,2025-09-19,2025-09,South,Home & Kitchen,In-Store,75.59331993524904,4,302.37,5.3,1,180,Low
ORD102981,2025-01-23,2025-01,East,Beauty,Online,24.425200138593787,5,122.13,3.8,0,667,Low
ORD102982,2025-10-20,2025-10,East,Home & Kitchen,In-Store,70.78870424013941,1,70.79,2.1,0,355,High
ORD102983,2025-10-28,2025-10,North,Sports,In-Store,48.22290669217522,1,48.22,3.2,0,566,Low
ORD102984,2025-09-20,2025-09,West,Apparel,Online,43.91873772214686,3,131.76,5.8,1,126,Low
ORD102985,2025-08-25,2025-08,North,Sports,In-Store,78.64782516786575,1,78.65,3.5,0,54,Low
ORD102986,2025-09-30,2025-09,East,Electronics,Online,207.4472241294309,3,622.34,2.1,0,694,Low
ORD102987,2025-10-13,2025-10,North,Electronics,Online,176.91869614227988,2,353.84,3.8,0,263,Low
ORD102988,2025-11-26,2025-11,North,Electronics,In-Store,234.48546383153726,2,468.97,1.0,0,39,Medium
ORD102989,2025-06-06,2025-06,South,Electronics,In-Store,306.7593477656616,4,1227.04,5.5,1,195,Medium
ORD102990,2025-06-16,2025-06,South,Beauty,Online,24.951805592043947,1,24.95,4.4,0,291,Low
ORD102991,2025-08-21,2025-08,West,Beauty,Online,37.33537398689116,5,186.68,3.0,0,365,Medium
ORD102992,2025-03-12,2025-03,West,Sports,In-Store,76.58107563012071,1,76.58,4.8,0,807,Low
ORD102993,2025-11-09,2025-11,North,Electronics,Online,215.8061048991543,3,647.42,4.4,0,179,Medium
ORD102994,2025-10-09,2025-10,North,Beauty,In-Store,34.010580211955016,5,170.05,3.3,0,544,Low
ORD102995,2025-08-19,2025-08,South,Sports,In-Store,60.15968493154992,1,60.16,7.1,1,248,High
ORD102996,2025-04-21,2025-04,South,Apparel,Online,39.76329850100911,5,198.82,6.0,1,449,High
ORD102997,2025-05-07,2025-05,South,Home & Kitchen,In-Store,79.86265280405217,2,159.73,3.7,0,267,Medium
ORD102998,2025-06-08,2025-06,West,Home & Kitchen,In-Store,61.33624765128401,4,245.34,4.4,0,310,Low
ORD102999,2025-08-30,2025-08,East,Electronics,In-Store,262.87124150377747,5,1314.36,3.0,0,540,Low
